/*
 Navicat MySQL Data Transfer

 Source Server         : 本地Mysq
 Source Server Type    : MySQL
 Source Server Version : 80028
 Source Host           : localhost:3306
 Source Schema         : dormitory

 Target Server Type    : MySQL
 Target Server Version : 80028
 File Encoding         : 65001

 Date: 12/06/2023 21:00:49
*/

SET NAMES utf8mb4;
SET FOREIGN_KEY_CHECKS = 0;

-- ----------------------------
-- Table structure for tb_absence
-- ----------------------------
DROP TABLE IF EXISTS `tb_absence`;
CREATE TABLE `tb_absence`  (
  `id` int NOT NULL AUTO_INCREMENT,
  `student_id` int NULL DEFAULT NULL,
  `dormitory_id` int NULL DEFAULT NULL,
  `start_time` datetime NULL DEFAULT NULL,
  `end_time` datetime NULL DEFAULT NULL,
  `remark` varchar(200) CHARACTER SET utf8 COLLATE utf8_general_ci NULL DEFAULT NULL,
  `building_id` int NULL DEFAULT NULL COMMENT '楼宇id',
  `status` int NULL DEFAULT NULL COMMENT '0-规定时间离宿中/1/-已回/2-到时间未回-缺勤',
  PRIMARY KEY (`id`) USING BTREE
) ENGINE = InnoDB AUTO_INCREMENT = 12 CHARACTER SET = utf8 COLLATE = utf8_general_ci ROW_FORMAT = DYNAMIC;

-- ----------------------------
-- Records of tb_absence
-- ----------------------------
INSERT INTO `tb_absence` VALUES (12, 22, 407, '2023-06-03 00:00:00', '2023-06-17 00:00:00', '已回', 12, 1);

-- ----------------------------
-- Table structure for tb_assess
-- ----------------------------
DROP TABLE IF EXISTS `tb_assess`;
CREATE TABLE `tb_assess`  (
  `id` int NOT NULL AUTO_INCREMENT,
  `user_id` int NULL DEFAULT NULL,
  `description` varchar(255) CHARACTER SET utf8 COLLATE utf8_general_ci NULL DEFAULT NULL,
  `type` int NOT NULL COMMENT '0-差/1-良好/2-优秀',
  `dormitory_id` int NULL DEFAULT NULL COMMENT '宿舍id',
  `create_time` datetime NULL DEFAULT NULL,
  `building_id` int NOT NULL,
  PRIMARY KEY (`id`) USING BTREE
) ENGINE = InnoDB AUTO_INCREMENT = 13 CHARACTER SET = utf8 COLLATE = utf8_general_ci ROW_FORMAT = Dynamic;

-- ----------------------------
-- Records of tb_assess
-- ----------------------------
INSERT INTO `tb_assess` VALUES (11, 1, '宿舍干净整洁，继续保持', 2, 613, '2023-05-17 12:06:55', 4);
INSERT INTO `tb_assess` VALUES (12, 1, '卫生脏乱差，垃圾桶有垃圾', 0, 623, '2023-05-17 12:09:54', 10);

-- ----------------------------
-- Table structure for tb_bed
-- ----------------------------
DROP TABLE IF EXISTS `tb_bed`;
CREATE TABLE `tb_bed`  (
  `id` int NOT NULL AUTO_INCREMENT,
  `bno` varchar(50) CHARACTER SET utf8 COLLATE utf8_general_ci NULL DEFAULT NULL,
  `dormitory_id` int NULL DEFAULT NULL,
  PRIMARY KEY (`id`) USING BTREE
) ENGINE = InnoDB AUTO_INCREMENT = 4459 CHARACTER SET = utf8 COLLATE = utf8_general_ci ROW_FORMAT = DYNAMIC;

-- ----------------------------
-- Records of tb_bed
-- ----------------------------
INSERT INTO `tb_bed` VALUES (200, 'B101-1', 32);
INSERT INTO `tb_bed` VALUES (201, 'B101-2', 32);
INSERT INTO `tb_bed` VALUES (202, 'B101-3', 32);
INSERT INTO `tb_bed` VALUES (203, 'B101-4', 32);
INSERT INTO `tb_bed` VALUES (204, 'B101-5', 32);
INSERT INTO `tb_bed` VALUES (205, 'B101-6', 32);
INSERT INTO `tb_bed` VALUES (206, 'B102-1', 33);
INSERT INTO `tb_bed` VALUES (207, 'B102-2', 33);
INSERT INTO `tb_bed` VALUES (208, 'B102-3', 33);
INSERT INTO `tb_bed` VALUES (209, 'B102-4', 33);
INSERT INTO `tb_bed` VALUES (210, 'B102-5', 33);
INSERT INTO `tb_bed` VALUES (211, 'B102-6', 33);
INSERT INTO `tb_bed` VALUES (212, 'B103-1', 34);
INSERT INTO `tb_bed` VALUES (213, 'B103-2', 34);
INSERT INTO `tb_bed` VALUES (214, 'B103-3', 34);
INSERT INTO `tb_bed` VALUES (215, 'B103-4', 34);
INSERT INTO `tb_bed` VALUES (216, 'B103-5', 34);
INSERT INTO `tb_bed` VALUES (217, 'B103-6', 34);
INSERT INTO `tb_bed` VALUES (218, 'B104-1', 35);
INSERT INTO `tb_bed` VALUES (219, 'B104-2', 35);
INSERT INTO `tb_bed` VALUES (220, 'B104-3', 35);
INSERT INTO `tb_bed` VALUES (221, 'B104-4', 35);
INSERT INTO `tb_bed` VALUES (222, 'B104-5', 35);
INSERT INTO `tb_bed` VALUES (223, 'B104-6', 35);
INSERT INTO `tb_bed` VALUES (224, 'B105-1', 36);
INSERT INTO `tb_bed` VALUES (225, 'B105-2', 36);
INSERT INTO `tb_bed` VALUES (226, 'B105-3', 36);
INSERT INTO `tb_bed` VALUES (227, 'B105-4', 36);
INSERT INTO `tb_bed` VALUES (228, 'B105-5', 36);
INSERT INTO `tb_bed` VALUES (229, 'B105-6', 36);
INSERT INTO `tb_bed` VALUES (230, 'B106-1', 37);
INSERT INTO `tb_bed` VALUES (231, 'B106-2', 37);
INSERT INTO `tb_bed` VALUES (232, 'B106-3', 37);
INSERT INTO `tb_bed` VALUES (233, 'B106-4', 37);
INSERT INTO `tb_bed` VALUES (234, 'B106-5', 37);
INSERT INTO `tb_bed` VALUES (235, 'B106-6', 37);
INSERT INTO `tb_bed` VALUES (236, 'B107-1', 38);
INSERT INTO `tb_bed` VALUES (237, 'B107-2', 38);
INSERT INTO `tb_bed` VALUES (238, 'B107-3', 38);
INSERT INTO `tb_bed` VALUES (239, 'B107-4', 38);
INSERT INTO `tb_bed` VALUES (240, 'B107-5', 38);
INSERT INTO `tb_bed` VALUES (241, 'B107-6', 38);
INSERT INTO `tb_bed` VALUES (242, 'B108-1', 39);
INSERT INTO `tb_bed` VALUES (243, 'B108-2', 39);
INSERT INTO `tb_bed` VALUES (244, 'B108-3', 39);
INSERT INTO `tb_bed` VALUES (245, 'B108-4', 39);
INSERT INTO `tb_bed` VALUES (246, 'B108-5', 39);
INSERT INTO `tb_bed` VALUES (247, 'B108-6', 39);
INSERT INTO `tb_bed` VALUES (248, 'B109-1', 40);
INSERT INTO `tb_bed` VALUES (249, 'B109-2', 40);
INSERT INTO `tb_bed` VALUES (250, 'B109-3', 40);
INSERT INTO `tb_bed` VALUES (251, 'B109-4', 40);
INSERT INTO `tb_bed` VALUES (252, 'B109-5', 40);
INSERT INTO `tb_bed` VALUES (253, 'B109-6', 40);
INSERT INTO `tb_bed` VALUES (254, 'B110-1', 41);
INSERT INTO `tb_bed` VALUES (255, 'B110-2', 41);
INSERT INTO `tb_bed` VALUES (256, 'B110-3', 41);
INSERT INTO `tb_bed` VALUES (257, 'B110-4', 41);
INSERT INTO `tb_bed` VALUES (258, 'B110-5', 41);
INSERT INTO `tb_bed` VALUES (259, 'B110-6', 41);
INSERT INTO `tb_bed` VALUES (260, 'B111-1', 42);
INSERT INTO `tb_bed` VALUES (261, 'B111-2', 42);
INSERT INTO `tb_bed` VALUES (262, 'B111-3', 42);
INSERT INTO `tb_bed` VALUES (263, 'B111-4', 42);
INSERT INTO `tb_bed` VALUES (264, 'B111-5', 42);
INSERT INTO `tb_bed` VALUES (265, 'B111-6', 42);
INSERT INTO `tb_bed` VALUES (266, 'B112-1', 43);
INSERT INTO `tb_bed` VALUES (267, 'B112-2', 43);
INSERT INTO `tb_bed` VALUES (268, 'B112-3', 43);
INSERT INTO `tb_bed` VALUES (269, 'B112-4', 43);
INSERT INTO `tb_bed` VALUES (270, 'B112-5', 43);
INSERT INTO `tb_bed` VALUES (271, 'B112-6', 43);
INSERT INTO `tb_bed` VALUES (272, 'B113-1', 44);
INSERT INTO `tb_bed` VALUES (273, 'B113-2', 44);
INSERT INTO `tb_bed` VALUES (274, 'B113-3', 44);
INSERT INTO `tb_bed` VALUES (275, 'B113-4', 44);
INSERT INTO `tb_bed` VALUES (276, 'B113-5', 44);
INSERT INTO `tb_bed` VALUES (277, 'B113-6', 44);
INSERT INTO `tb_bed` VALUES (278, 'B114-1', 45);
INSERT INTO `tb_bed` VALUES (279, 'B114-2', 45);
INSERT INTO `tb_bed` VALUES (280, 'B114-3', 45);
INSERT INTO `tb_bed` VALUES (281, 'B114-4', 45);
INSERT INTO `tb_bed` VALUES (282, 'B114-5', 45);
INSERT INTO `tb_bed` VALUES (283, 'B114-6', 45);
INSERT INTO `tb_bed` VALUES (284, 'B115-1', 46);
INSERT INTO `tb_bed` VALUES (285, 'B115-2', 46);
INSERT INTO `tb_bed` VALUES (286, 'B115-3', 46);
INSERT INTO `tb_bed` VALUES (287, 'B115-4', 46);
INSERT INTO `tb_bed` VALUES (288, 'B115-5', 46);
INSERT INTO `tb_bed` VALUES (289, 'B115-6', 46);
INSERT INTO `tb_bed` VALUES (290, 'C101-1', 47);
INSERT INTO `tb_bed` VALUES (291, 'C101-2', 47);
INSERT INTO `tb_bed` VALUES (292, 'C101-3', 47);
INSERT INTO `tb_bed` VALUES (293, 'C101-4', 47);
INSERT INTO `tb_bed` VALUES (294, 'C101-5', 47);
INSERT INTO `tb_bed` VALUES (295, 'C101-6', 47);
INSERT INTO `tb_bed` VALUES (296, 'C102-1', 48);
INSERT INTO `tb_bed` VALUES (297, 'C102-2', 48);
INSERT INTO `tb_bed` VALUES (298, 'C102-3', 48);
INSERT INTO `tb_bed` VALUES (299, 'C102-4', 48);
INSERT INTO `tb_bed` VALUES (300, 'C102-5', 48);
INSERT INTO `tb_bed` VALUES (301, 'C102-6', 48);
INSERT INTO `tb_bed` VALUES (302, 'C103-1', 49);
INSERT INTO `tb_bed` VALUES (303, 'C103-2', 49);
INSERT INTO `tb_bed` VALUES (304, 'C103-3', 49);
INSERT INTO `tb_bed` VALUES (305, 'C103-4', 49);
INSERT INTO `tb_bed` VALUES (306, 'C103-5', 49);
INSERT INTO `tb_bed` VALUES (307, 'C103-6', 49);
INSERT INTO `tb_bed` VALUES (308, 'C104-1', 50);
INSERT INTO `tb_bed` VALUES (309, 'C104-2', 50);
INSERT INTO `tb_bed` VALUES (310, 'C104-3', 50);
INSERT INTO `tb_bed` VALUES (311, 'C104-4', 50);
INSERT INTO `tb_bed` VALUES (312, 'C104-5', 50);
INSERT INTO `tb_bed` VALUES (313, 'C104-6', 50);
INSERT INTO `tb_bed` VALUES (314, 'C105-1', 51);
INSERT INTO `tb_bed` VALUES (315, 'C105-2', 51);
INSERT INTO `tb_bed` VALUES (316, 'C105-3', 51);
INSERT INTO `tb_bed` VALUES (317, 'C105-4', 51);
INSERT INTO `tb_bed` VALUES (318, 'C105-5', 51);
INSERT INTO `tb_bed` VALUES (319, 'C105-6', 51);
INSERT INTO `tb_bed` VALUES (320, 'C106-1', 52);
INSERT INTO `tb_bed` VALUES (321, 'C106-2', 52);
INSERT INTO `tb_bed` VALUES (322, 'C106-3', 52);
INSERT INTO `tb_bed` VALUES (323, 'C106-4', 52);
INSERT INTO `tb_bed` VALUES (324, 'C106-5', 52);
INSERT INTO `tb_bed` VALUES (325, 'C106-6', 52);
INSERT INTO `tb_bed` VALUES (326, 'C107-1', 53);
INSERT INTO `tb_bed` VALUES (327, 'C107-2', 53);
INSERT INTO `tb_bed` VALUES (328, 'C107-3', 53);
INSERT INTO `tb_bed` VALUES (329, 'C107-4', 53);
INSERT INTO `tb_bed` VALUES (330, 'C107-5', 53);
INSERT INTO `tb_bed` VALUES (331, 'C107-6', 53);
INSERT INTO `tb_bed` VALUES (332, 'C108-1', 54);
INSERT INTO `tb_bed` VALUES (333, 'C108-2', 54);
INSERT INTO `tb_bed` VALUES (334, 'C108-3', 54);
INSERT INTO `tb_bed` VALUES (335, 'C108-4', 54);
INSERT INTO `tb_bed` VALUES (336, 'C108-5', 54);
INSERT INTO `tb_bed` VALUES (337, 'C108-6', 54);
INSERT INTO `tb_bed` VALUES (338, 'C109-1', 55);
INSERT INTO `tb_bed` VALUES (339, 'C109-2', 55);
INSERT INTO `tb_bed` VALUES (340, 'C109-3', 55);
INSERT INTO `tb_bed` VALUES (341, 'C109-4', 55);
INSERT INTO `tb_bed` VALUES (342, 'C109-5', 55);
INSERT INTO `tb_bed` VALUES (343, 'C109-6', 55);
INSERT INTO `tb_bed` VALUES (344, 'C110-1', 56);
INSERT INTO `tb_bed` VALUES (345, 'C110-2', 56);
INSERT INTO `tb_bed` VALUES (346, 'C110-3', 56);
INSERT INTO `tb_bed` VALUES (347, 'C110-4', 56);
INSERT INTO `tb_bed` VALUES (348, 'C110-5', 56);
INSERT INTO `tb_bed` VALUES (349, 'C110-6', 56);
INSERT INTO `tb_bed` VALUES (350, 'C111-1', 57);
INSERT INTO `tb_bed` VALUES (351, 'C111-2', 57);
INSERT INTO `tb_bed` VALUES (352, 'C111-3', 57);
INSERT INTO `tb_bed` VALUES (353, 'C111-4', 57);
INSERT INTO `tb_bed` VALUES (354, 'C111-5', 57);
INSERT INTO `tb_bed` VALUES (355, 'C111-6', 57);
INSERT INTO `tb_bed` VALUES (356, 'C112-1', 58);
INSERT INTO `tb_bed` VALUES (357, 'C112-2', 58);
INSERT INTO `tb_bed` VALUES (358, 'C112-3', 58);
INSERT INTO `tb_bed` VALUES (359, 'C112-4', 58);
INSERT INTO `tb_bed` VALUES (360, 'C112-5', 58);
INSERT INTO `tb_bed` VALUES (361, 'C112-6', 58);
INSERT INTO `tb_bed` VALUES (362, 'C113-1', 59);
INSERT INTO `tb_bed` VALUES (363, 'C113-2', 59);
INSERT INTO `tb_bed` VALUES (364, 'C113-3', 59);
INSERT INTO `tb_bed` VALUES (365, 'C113-4', 59);
INSERT INTO `tb_bed` VALUES (366, 'C113-5', 59);
INSERT INTO `tb_bed` VALUES (367, 'C113-6', 59);
INSERT INTO `tb_bed` VALUES (368, 'C114-1', 60);
INSERT INTO `tb_bed` VALUES (369, 'C114-2', 60);
INSERT INTO `tb_bed` VALUES (370, 'C114-3', 60);
INSERT INTO `tb_bed` VALUES (371, 'C114-4', 60);
INSERT INTO `tb_bed` VALUES (372, 'C114-5', 60);
INSERT INTO `tb_bed` VALUES (373, 'C114-6', 60);
INSERT INTO `tb_bed` VALUES (374, 'C115-1', 61);
INSERT INTO `tb_bed` VALUES (375, 'C115-2', 61);
INSERT INTO `tb_bed` VALUES (376, 'C115-3', 61);
INSERT INTO `tb_bed` VALUES (377, 'C115-4', 61);
INSERT INTO `tb_bed` VALUES (378, 'C115-5', 61);
INSERT INTO `tb_bed` VALUES (379, 'C115-6', 61);
INSERT INTO `tb_bed` VALUES (380, 'C116-1', 62);
INSERT INTO `tb_bed` VALUES (381, 'C116-2', 62);
INSERT INTO `tb_bed` VALUES (382, 'C116-3', 62);
INSERT INTO `tb_bed` VALUES (383, 'C116-4', 62);
INSERT INTO `tb_bed` VALUES (384, 'C116-5', 62);
INSERT INTO `tb_bed` VALUES (385, 'C116-6', 62);
INSERT INTO `tb_bed` VALUES (386, 'C117-1', 63);
INSERT INTO `tb_bed` VALUES (387, 'C117-2', 63);
INSERT INTO `tb_bed` VALUES (388, 'C117-3', 63);
INSERT INTO `tb_bed` VALUES (389, 'C117-4', 63);
INSERT INTO `tb_bed` VALUES (390, 'C117-5', 63);
INSERT INTO `tb_bed` VALUES (391, 'C117-6', 63);
INSERT INTO `tb_bed` VALUES (392, 'C118-1', 64);
INSERT INTO `tb_bed` VALUES (393, 'C118-2', 64);
INSERT INTO `tb_bed` VALUES (394, 'C118-3', 64);
INSERT INTO `tb_bed` VALUES (395, 'C118-4', 64);
INSERT INTO `tb_bed` VALUES (396, 'C118-5', 64);
INSERT INTO `tb_bed` VALUES (397, 'C118-6', 64);
INSERT INTO `tb_bed` VALUES (398, 'C119-1', 65);
INSERT INTO `tb_bed` VALUES (399, 'C119-2', 65);
INSERT INTO `tb_bed` VALUES (400, 'C119-3', 65);
INSERT INTO `tb_bed` VALUES (401, 'C119-4', 65);
INSERT INTO `tb_bed` VALUES (402, 'C119-5', 65);
INSERT INTO `tb_bed` VALUES (403, 'C119-6', 65);
INSERT INTO `tb_bed` VALUES (404, 'C120-1', 66);
INSERT INTO `tb_bed` VALUES (405, 'C120-2', 66);
INSERT INTO `tb_bed` VALUES (406, 'C120-3', 66);
INSERT INTO `tb_bed` VALUES (407, 'C120-4', 66);
INSERT INTO `tb_bed` VALUES (408, 'C120-5', 66);
INSERT INTO `tb_bed` VALUES (409, 'C120-6', 66);
INSERT INTO `tb_bed` VALUES (410, 'A101-1', 67);
INSERT INTO `tb_bed` VALUES (411, 'A101-2', 67);
INSERT INTO `tb_bed` VALUES (412, 'A101-3', 67);
INSERT INTO `tb_bed` VALUES (413, 'A101-4', 67);
INSERT INTO `tb_bed` VALUES (414, 'A101-5', 67);
INSERT INTO `tb_bed` VALUES (415, 'A101-6', 67);
INSERT INTO `tb_bed` VALUES (416, 'A102-1', 68);
INSERT INTO `tb_bed` VALUES (417, 'A102-2', 68);
INSERT INTO `tb_bed` VALUES (418, 'A102-3', 68);
INSERT INTO `tb_bed` VALUES (419, 'A102-4', 68);
INSERT INTO `tb_bed` VALUES (420, 'A102-5', 68);
INSERT INTO `tb_bed` VALUES (421, 'A102-6', 68);
INSERT INTO `tb_bed` VALUES (422, 'A103-1', 69);
INSERT INTO `tb_bed` VALUES (423, 'A103-2', 69);
INSERT INTO `tb_bed` VALUES (424, 'A103-3', 69);
INSERT INTO `tb_bed` VALUES (425, 'A103-4', 69);
INSERT INTO `tb_bed` VALUES (426, 'A103-5', 69);
INSERT INTO `tb_bed` VALUES (427, 'A103-6', 69);
INSERT INTO `tb_bed` VALUES (428, 'A104-1', 70);
INSERT INTO `tb_bed` VALUES (429, 'A104-2', 70);
INSERT INTO `tb_bed` VALUES (430, 'A104-3', 70);
INSERT INTO `tb_bed` VALUES (431, 'A104-4', 70);
INSERT INTO `tb_bed` VALUES (432, 'A104-5', 70);
INSERT INTO `tb_bed` VALUES (433, 'A104-6', 70);
INSERT INTO `tb_bed` VALUES (434, 'A105-1', 71);
INSERT INTO `tb_bed` VALUES (435, 'A105-2', 71);
INSERT INTO `tb_bed` VALUES (436, 'A105-3', 71);
INSERT INTO `tb_bed` VALUES (437, 'A105-4', 71);
INSERT INTO `tb_bed` VALUES (438, 'A105-5', 71);
INSERT INTO `tb_bed` VALUES (439, 'A105-6', 71);
INSERT INTO `tb_bed` VALUES (440, 'A106-1', 72);
INSERT INTO `tb_bed` VALUES (441, 'A106-2', 72);
INSERT INTO `tb_bed` VALUES (442, 'A106-3', 72);
INSERT INTO `tb_bed` VALUES (443, 'A106-4', 72);
INSERT INTO `tb_bed` VALUES (444, 'A106-5', 72);
INSERT INTO `tb_bed` VALUES (445, 'A106-6', 72);
INSERT INTO `tb_bed` VALUES (446, 'A107-1', 73);
INSERT INTO `tb_bed` VALUES (447, 'A107-2', 73);
INSERT INTO `tb_bed` VALUES (448, 'A107-3', 73);
INSERT INTO `tb_bed` VALUES (449, 'A107-4', 73);
INSERT INTO `tb_bed` VALUES (450, 'A107-5', 73);
INSERT INTO `tb_bed` VALUES (451, 'A107-6', 73);
INSERT INTO `tb_bed` VALUES (452, 'A108-1', 74);
INSERT INTO `tb_bed` VALUES (453, 'A108-2', 74);
INSERT INTO `tb_bed` VALUES (454, 'A108-3', 74);
INSERT INTO `tb_bed` VALUES (455, 'A108-4', 74);
INSERT INTO `tb_bed` VALUES (456, 'A108-5', 74);
INSERT INTO `tb_bed` VALUES (457, 'A108-6', 74);
INSERT INTO `tb_bed` VALUES (458, 'A109-1', 75);
INSERT INTO `tb_bed` VALUES (459, 'A109-2', 75);
INSERT INTO `tb_bed` VALUES (460, 'A109-3', 75);
INSERT INTO `tb_bed` VALUES (461, 'A109-4', 75);
INSERT INTO `tb_bed` VALUES (462, 'A109-5', 75);
INSERT INTO `tb_bed` VALUES (463, 'A109-6', 75);
INSERT INTO `tb_bed` VALUES (464, 'A110-1', 76);
INSERT INTO `tb_bed` VALUES (465, 'A110-2', 76);
INSERT INTO `tb_bed` VALUES (466, 'A110-3', 76);
INSERT INTO `tb_bed` VALUES (467, 'A110-4', 76);
INSERT INTO `tb_bed` VALUES (468, 'A110-5', 76);
INSERT INTO `tb_bed` VALUES (469, 'A110-6', 76);
INSERT INTO `tb_bed` VALUES (470, 'A111-1', 77);
INSERT INTO `tb_bed` VALUES (471, 'A111-2', 77);
INSERT INTO `tb_bed` VALUES (472, 'A111-3', 77);
INSERT INTO `tb_bed` VALUES (473, 'A111-4', 77);
INSERT INTO `tb_bed` VALUES (474, 'A111-5', 77);
INSERT INTO `tb_bed` VALUES (475, 'A111-6', 77);
INSERT INTO `tb_bed` VALUES (476, 'A112-1', 78);
INSERT INTO `tb_bed` VALUES (477, 'A112-2', 78);
INSERT INTO `tb_bed` VALUES (478, 'A112-3', 78);
INSERT INTO `tb_bed` VALUES (479, 'A112-4', 78);
INSERT INTO `tb_bed` VALUES (480, 'A112-5', 78);
INSERT INTO `tb_bed` VALUES (481, 'A112-6', 78);
INSERT INTO `tb_bed` VALUES (482, 'A113-1', 79);
INSERT INTO `tb_bed` VALUES (483, 'A113-2', 79);
INSERT INTO `tb_bed` VALUES (484, 'A113-3', 79);
INSERT INTO `tb_bed` VALUES (485, 'A113-4', 79);
INSERT INTO `tb_bed` VALUES (486, 'A113-5', 79);
INSERT INTO `tb_bed` VALUES (487, 'A113-6', 79);
INSERT INTO `tb_bed` VALUES (488, 'A114-1', 80);
INSERT INTO `tb_bed` VALUES (489, 'A114-2', 80);
INSERT INTO `tb_bed` VALUES (490, 'A114-3', 80);
INSERT INTO `tb_bed` VALUES (491, 'A114-4', 80);
INSERT INTO `tb_bed` VALUES (492, 'A114-5', 80);
INSERT INTO `tb_bed` VALUES (493, 'A114-6', 80);
INSERT INTO `tb_bed` VALUES (494, 'A115-1', 81);
INSERT INTO `tb_bed` VALUES (495, 'A115-2', 81);
INSERT INTO `tb_bed` VALUES (496, 'A115-3', 81);
INSERT INTO `tb_bed` VALUES (497, 'A115-4', 81);
INSERT INTO `tb_bed` VALUES (498, 'A115-5', 81);
INSERT INTO `tb_bed` VALUES (499, 'A115-6', 81);
INSERT INTO `tb_bed` VALUES (500, 'A116-1', 82);
INSERT INTO `tb_bed` VALUES (501, 'A116-2', 82);
INSERT INTO `tb_bed` VALUES (502, 'A116-3', 82);
INSERT INTO `tb_bed` VALUES (503, 'A116-4', 82);
INSERT INTO `tb_bed` VALUES (504, 'A116-5', 82);
INSERT INTO `tb_bed` VALUES (505, 'A116-6', 82);
INSERT INTO `tb_bed` VALUES (506, 'A117-1', 83);
INSERT INTO `tb_bed` VALUES (507, 'A117-2', 83);
INSERT INTO `tb_bed` VALUES (508, 'A117-3', 83);
INSERT INTO `tb_bed` VALUES (509, 'A117-4', 83);
INSERT INTO `tb_bed` VALUES (510, 'A117-5', 83);
INSERT INTO `tb_bed` VALUES (511, 'A117-6', 83);
INSERT INTO `tb_bed` VALUES (512, 'A118-1', 84);
INSERT INTO `tb_bed` VALUES (513, 'A118-2', 84);
INSERT INTO `tb_bed` VALUES (514, 'A118-3', 84);
INSERT INTO `tb_bed` VALUES (515, 'A118-4', 84);
INSERT INTO `tb_bed` VALUES (516, 'A118-5', 84);
INSERT INTO `tb_bed` VALUES (517, 'A118-6', 84);
INSERT INTO `tb_bed` VALUES (518, 'A119-1', 85);
INSERT INTO `tb_bed` VALUES (519, 'A119-2', 85);
INSERT INTO `tb_bed` VALUES (520, 'A119-3', 85);
INSERT INTO `tb_bed` VALUES (521, 'A119-4', 85);
INSERT INTO `tb_bed` VALUES (522, 'A119-5', 85);
INSERT INTO `tb_bed` VALUES (523, 'A119-6', 85);
INSERT INTO `tb_bed` VALUES (524, 'A120-1', 86);
INSERT INTO `tb_bed` VALUES (525, 'A120-2', 86);
INSERT INTO `tb_bed` VALUES (526, 'A120-3', 86);
INSERT INTO `tb_bed` VALUES (527, 'A120-4', 86);
INSERT INTO `tb_bed` VALUES (528, 'A120-5', 86);
INSERT INTO `tb_bed` VALUES (529, 'A120-6', 86);
INSERT INTO `tb_bed` VALUES (530, 'B-101-1', 87);
INSERT INTO `tb_bed` VALUES (531, 'B-101-2', 87);
INSERT INTO `tb_bed` VALUES (532, 'B-101-3', 87);
INSERT INTO `tb_bed` VALUES (533, 'B-101-4', 87);
INSERT INTO `tb_bed` VALUES (534, 'B-101-5', 87);
INSERT INTO `tb_bed` VALUES (535, 'B-101-6', 87);
INSERT INTO `tb_bed` VALUES (536, 'B-102-1', 88);
INSERT INTO `tb_bed` VALUES (537, 'B-102-2', 88);
INSERT INTO `tb_bed` VALUES (538, 'B-102-3', 88);
INSERT INTO `tb_bed` VALUES (539, 'B-102-4', 88);
INSERT INTO `tb_bed` VALUES (540, 'B-102-5', 88);
INSERT INTO `tb_bed` VALUES (541, 'B-102-6', 88);
INSERT INTO `tb_bed` VALUES (542, 'B-103-1', 89);
INSERT INTO `tb_bed` VALUES (543, 'B-103-2', 89);
INSERT INTO `tb_bed` VALUES (544, 'B-103-3', 89);
INSERT INTO `tb_bed` VALUES (545, 'B-103-4', 89);
INSERT INTO `tb_bed` VALUES (546, 'B-103-5', 89);
INSERT INTO `tb_bed` VALUES (547, 'B-103-6', 89);
INSERT INTO `tb_bed` VALUES (548, 'B-104-1', 90);
INSERT INTO `tb_bed` VALUES (549, 'B-104-2', 90);
INSERT INTO `tb_bed` VALUES (550, 'B-104-3', 90);
INSERT INTO `tb_bed` VALUES (551, 'B-104-4', 90);
INSERT INTO `tb_bed` VALUES (552, 'B-104-5', 90);
INSERT INTO `tb_bed` VALUES (553, 'B-104-6', 90);
INSERT INTO `tb_bed` VALUES (554, 'B-105-1', 91);
INSERT INTO `tb_bed` VALUES (555, 'B-105-2', 91);
INSERT INTO `tb_bed` VALUES (556, 'B-105-3', 91);
INSERT INTO `tb_bed` VALUES (557, 'B-105-4', 91);
INSERT INTO `tb_bed` VALUES (558, 'B-105-5', 91);
INSERT INTO `tb_bed` VALUES (559, 'B-105-6', 91);
INSERT INTO `tb_bed` VALUES (560, 'B-106-1', 92);
INSERT INTO `tb_bed` VALUES (561, 'B-106-2', 92);
INSERT INTO `tb_bed` VALUES (562, 'B-106-3', 92);
INSERT INTO `tb_bed` VALUES (563, 'B-106-4', 92);
INSERT INTO `tb_bed` VALUES (564, 'B-106-5', 92);
INSERT INTO `tb_bed` VALUES (565, 'B-106-6', 92);
INSERT INTO `tb_bed` VALUES (566, 'B-107-1', 93);
INSERT INTO `tb_bed` VALUES (567, 'B-107-2', 93);
INSERT INTO `tb_bed` VALUES (568, 'B-107-3', 93);
INSERT INTO `tb_bed` VALUES (569, 'B-107-4', 93);
INSERT INTO `tb_bed` VALUES (570, 'B-107-5', 93);
INSERT INTO `tb_bed` VALUES (571, 'B-107-6', 93);
INSERT INTO `tb_bed` VALUES (572, 'B-108-1', 94);
INSERT INTO `tb_bed` VALUES (573, 'B-108-2', 94);
INSERT INTO `tb_bed` VALUES (574, 'B-108-3', 94);
INSERT INTO `tb_bed` VALUES (575, 'B-108-4', 94);
INSERT INTO `tb_bed` VALUES (576, 'B-108-5', 94);
INSERT INTO `tb_bed` VALUES (577, 'B-108-6', 94);
INSERT INTO `tb_bed` VALUES (578, 'B-109-1', 95);
INSERT INTO `tb_bed` VALUES (579, 'B-109-2', 95);
INSERT INTO `tb_bed` VALUES (580, 'B-109-3', 95);
INSERT INTO `tb_bed` VALUES (581, 'B-109-4', 95);
INSERT INTO `tb_bed` VALUES (582, 'B-109-5', 95);
INSERT INTO `tb_bed` VALUES (583, 'B-109-6', 95);
INSERT INTO `tb_bed` VALUES (584, 'B-110-1', 96);
INSERT INTO `tb_bed` VALUES (585, 'B-110-2', 96);
INSERT INTO `tb_bed` VALUES (586, 'B-110-3', 96);
INSERT INTO `tb_bed` VALUES (587, 'B-110-4', 96);
INSERT INTO `tb_bed` VALUES (588, 'B-110-5', 96);
INSERT INTO `tb_bed` VALUES (589, 'B-110-6', 96);
INSERT INTO `tb_bed` VALUES (590, 'B-111-1', 97);
INSERT INTO `tb_bed` VALUES (591, 'B-111-2', 97);
INSERT INTO `tb_bed` VALUES (592, 'B-111-3', 97);
INSERT INTO `tb_bed` VALUES (593, 'B-111-4', 97);
INSERT INTO `tb_bed` VALUES (594, 'B-111-5', 97);
INSERT INTO `tb_bed` VALUES (595, 'B-111-6', 97);
INSERT INTO `tb_bed` VALUES (596, 'B-112-1', 98);
INSERT INTO `tb_bed` VALUES (597, 'B-112-2', 98);
INSERT INTO `tb_bed` VALUES (598, 'B-112-3', 98);
INSERT INTO `tb_bed` VALUES (599, 'B-112-4', 98);
INSERT INTO `tb_bed` VALUES (600, 'B-112-5', 98);
INSERT INTO `tb_bed` VALUES (601, 'B-112-6', 98);
INSERT INTO `tb_bed` VALUES (602, 'B-113-1', 99);
INSERT INTO `tb_bed` VALUES (603, 'B-113-2', 99);
INSERT INTO `tb_bed` VALUES (604, 'B-113-3', 99);
INSERT INTO `tb_bed` VALUES (605, 'B-113-4', 99);
INSERT INTO `tb_bed` VALUES (606, 'B-113-5', 99);
INSERT INTO `tb_bed` VALUES (607, 'B-113-6', 99);
INSERT INTO `tb_bed` VALUES (608, 'B-114-1', 100);
INSERT INTO `tb_bed` VALUES (609, 'B-114-2', 100);
INSERT INTO `tb_bed` VALUES (610, 'B-114-3', 100);
INSERT INTO `tb_bed` VALUES (611, 'B-114-4', 100);
INSERT INTO `tb_bed` VALUES (612, 'B-114-5', 100);
INSERT INTO `tb_bed` VALUES (613, 'B-114-6', 100);
INSERT INTO `tb_bed` VALUES (614, 'B-115-1', 101);
INSERT INTO `tb_bed` VALUES (615, 'B-115-2', 101);
INSERT INTO `tb_bed` VALUES (616, 'B-115-3', 101);
INSERT INTO `tb_bed` VALUES (617, 'B-115-4', 101);
INSERT INTO `tb_bed` VALUES (618, 'B-115-5', 101);
INSERT INTO `tb_bed` VALUES (619, 'B-115-6', 101);
INSERT INTO `tb_bed` VALUES (620, 'B-116-1', 102);
INSERT INTO `tb_bed` VALUES (621, 'B-116-2', 102);
INSERT INTO `tb_bed` VALUES (622, 'B-116-3', 102);
INSERT INTO `tb_bed` VALUES (623, 'B-116-4', 102);
INSERT INTO `tb_bed` VALUES (624, 'B-116-5', 102);
INSERT INTO `tb_bed` VALUES (625, 'B-116-6', 102);
INSERT INTO `tb_bed` VALUES (626, 'B-117-1', 103);
INSERT INTO `tb_bed` VALUES (627, 'B-117-2', 103);
INSERT INTO `tb_bed` VALUES (628, 'B-117-3', 103);
INSERT INTO `tb_bed` VALUES (629, 'B-117-4', 103);
INSERT INTO `tb_bed` VALUES (630, 'B-117-5', 103);
INSERT INTO `tb_bed` VALUES (631, 'B-117-6', 103);
INSERT INTO `tb_bed` VALUES (632, 'B-118-1', 104);
INSERT INTO `tb_bed` VALUES (633, 'B-118-2', 104);
INSERT INTO `tb_bed` VALUES (634, 'B-118-3', 104);
INSERT INTO `tb_bed` VALUES (635, 'B-118-4', 104);
INSERT INTO `tb_bed` VALUES (636, 'B-118-5', 104);
INSERT INTO `tb_bed` VALUES (637, 'B-118-6', 104);
INSERT INTO `tb_bed` VALUES (638, 'B-119-1', 105);
INSERT INTO `tb_bed` VALUES (639, 'B-119-2', 105);
INSERT INTO `tb_bed` VALUES (640, 'B-119-3', 105);
INSERT INTO `tb_bed` VALUES (641, 'B-119-4', 105);
INSERT INTO `tb_bed` VALUES (642, 'B-119-5', 105);
INSERT INTO `tb_bed` VALUES (643, 'B-119-6', 105);
INSERT INTO `tb_bed` VALUES (644, 'B-120-1', 106);
INSERT INTO `tb_bed` VALUES (645, 'B-120-2', 106);
INSERT INTO `tb_bed` VALUES (646, 'B-120-3', 106);
INSERT INTO `tb_bed` VALUES (647, 'B-120-4', 106);
INSERT INTO `tb_bed` VALUES (648, 'B-120-5', 106);
INSERT INTO `tb_bed` VALUES (649, 'B-120-6', 106);
INSERT INTO `tb_bed` VALUES (651, 'B101-1', 107);
INSERT INTO `tb_bed` VALUES (652, 'B101-2', 107);
INSERT INTO `tb_bed` VALUES (653, 'B101-3', 107);
INSERT INTO `tb_bed` VALUES (654, 'B101-4', 107);
INSERT INTO `tb_bed` VALUES (655, 'B101-5', 107);
INSERT INTO `tb_bed` VALUES (656, 'B101-6', 107);
INSERT INTO `tb_bed` VALUES (657, 'B102-1', 108);
INSERT INTO `tb_bed` VALUES (658, 'B102-2', 108);
INSERT INTO `tb_bed` VALUES (659, 'B102-3', 108);
INSERT INTO `tb_bed` VALUES (660, 'B102-4', 108);
INSERT INTO `tb_bed` VALUES (661, 'B102-5', 108);
INSERT INTO `tb_bed` VALUES (662, 'B102-6', 108);
INSERT INTO `tb_bed` VALUES (663, 'B103-1', 109);
INSERT INTO `tb_bed` VALUES (664, 'B103-2', 109);
INSERT INTO `tb_bed` VALUES (665, 'B103-3', 109);
INSERT INTO `tb_bed` VALUES (666, 'B103-4', 109);
INSERT INTO `tb_bed` VALUES (667, 'B103-5', 109);
INSERT INTO `tb_bed` VALUES (668, 'B103-6', 109);
INSERT INTO `tb_bed` VALUES (669, 'B104-1', 110);
INSERT INTO `tb_bed` VALUES (670, 'B104-2', 110);
INSERT INTO `tb_bed` VALUES (671, 'B104-3', 110);
INSERT INTO `tb_bed` VALUES (672, 'B104-4', 110);
INSERT INTO `tb_bed` VALUES (673, 'B104-5', 110);
INSERT INTO `tb_bed` VALUES (674, 'B104-6', 110);
INSERT INTO `tb_bed` VALUES (675, 'B105-1', 111);
INSERT INTO `tb_bed` VALUES (676, 'B105-2', 111);
INSERT INTO `tb_bed` VALUES (677, 'B105-3', 111);
INSERT INTO `tb_bed` VALUES (678, 'B105-4', 111);
INSERT INTO `tb_bed` VALUES (679, 'B105-5', 111);
INSERT INTO `tb_bed` VALUES (680, 'B105-6', 111);
INSERT INTO `tb_bed` VALUES (681, 'B106-1', 112);
INSERT INTO `tb_bed` VALUES (682, 'B106-2', 112);
INSERT INTO `tb_bed` VALUES (683, 'B106-3', 112);
INSERT INTO `tb_bed` VALUES (684, 'B106-4', 112);
INSERT INTO `tb_bed` VALUES (685, 'B106-5', 112);
INSERT INTO `tb_bed` VALUES (686, 'B106-6', 112);
INSERT INTO `tb_bed` VALUES (687, 'B107-1', 113);
INSERT INTO `tb_bed` VALUES (688, 'B107-2', 113);
INSERT INTO `tb_bed` VALUES (689, 'B107-3', 113);
INSERT INTO `tb_bed` VALUES (690, 'B107-4', 113);
INSERT INTO `tb_bed` VALUES (691, 'B107-5', 113);
INSERT INTO `tb_bed` VALUES (692, 'B107-6', 113);
INSERT INTO `tb_bed` VALUES (693, 'B108-1', 114);
INSERT INTO `tb_bed` VALUES (694, 'B108-2', 114);
INSERT INTO `tb_bed` VALUES (695, 'B108-3', 114);
INSERT INTO `tb_bed` VALUES (696, 'B108-4', 114);
INSERT INTO `tb_bed` VALUES (697, 'B108-5', 114);
INSERT INTO `tb_bed` VALUES (698, 'B108-6', 114);
INSERT INTO `tb_bed` VALUES (699, 'B109-1', 115);
INSERT INTO `tb_bed` VALUES (700, 'B109-2', 115);
INSERT INTO `tb_bed` VALUES (701, 'B109-3', 115);
INSERT INTO `tb_bed` VALUES (702, 'B109-4', 115);
INSERT INTO `tb_bed` VALUES (703, 'B109-5', 115);
INSERT INTO `tb_bed` VALUES (704, 'B109-6', 115);
INSERT INTO `tb_bed` VALUES (705, 'B110-1', 116);
INSERT INTO `tb_bed` VALUES (706, 'B110-2', 116);
INSERT INTO `tb_bed` VALUES (707, 'B110-3', 116);
INSERT INTO `tb_bed` VALUES (708, 'B110-4', 116);
INSERT INTO `tb_bed` VALUES (709, 'B110-5', 116);
INSERT INTO `tb_bed` VALUES (710, 'B110-6', 116);
INSERT INTO `tb_bed` VALUES (711, 'C101-1', 117);
INSERT INTO `tb_bed` VALUES (712, 'C101-2', 117);
INSERT INTO `tb_bed` VALUES (713, 'C101-3', 117);
INSERT INTO `tb_bed` VALUES (714, 'C101-4', 117);
INSERT INTO `tb_bed` VALUES (715, 'C101-5', 117);
INSERT INTO `tb_bed` VALUES (716, 'C101-6', 117);
INSERT INTO `tb_bed` VALUES (717, 'C102-1', 118);
INSERT INTO `tb_bed` VALUES (718, 'C102-2', 118);
INSERT INTO `tb_bed` VALUES (719, 'C102-3', 118);
INSERT INTO `tb_bed` VALUES (720, 'C102-4', 118);
INSERT INTO `tb_bed` VALUES (721, 'C102-5', 118);
INSERT INTO `tb_bed` VALUES (722, 'C102-6', 118);
INSERT INTO `tb_bed` VALUES (723, 'C103-1', 119);
INSERT INTO `tb_bed` VALUES (724, 'C103-2', 119);
INSERT INTO `tb_bed` VALUES (725, 'C103-3', 119);
INSERT INTO `tb_bed` VALUES (726, 'C103-4', 119);
INSERT INTO `tb_bed` VALUES (727, 'C103-5', 119);
INSERT INTO `tb_bed` VALUES (728, 'C103-6', 119);
INSERT INTO `tb_bed` VALUES (729, 'C104-1', 120);
INSERT INTO `tb_bed` VALUES (730, 'C104-2', 120);
INSERT INTO `tb_bed` VALUES (731, 'C104-3', 120);
INSERT INTO `tb_bed` VALUES (732, 'C104-4', 120);
INSERT INTO `tb_bed` VALUES (733, 'C104-5', 120);
INSERT INTO `tb_bed` VALUES (734, 'C104-6', 120);
INSERT INTO `tb_bed` VALUES (735, 'C105-1', 121);
INSERT INTO `tb_bed` VALUES (736, 'C105-2', 121);
INSERT INTO `tb_bed` VALUES (737, 'C105-3', 121);
INSERT INTO `tb_bed` VALUES (738, 'C105-4', 121);
INSERT INTO `tb_bed` VALUES (739, 'C105-5', 121);
INSERT INTO `tb_bed` VALUES (740, 'C105-6', 121);
INSERT INTO `tb_bed` VALUES (741, 'C106-1', 122);
INSERT INTO `tb_bed` VALUES (742, 'C106-2', 122);
INSERT INTO `tb_bed` VALUES (743, 'C106-3', 122);
INSERT INTO `tb_bed` VALUES (744, 'C106-4', 122);
INSERT INTO `tb_bed` VALUES (745, 'C106-5', 122);
INSERT INTO `tb_bed` VALUES (746, 'C106-6', 122);
INSERT INTO `tb_bed` VALUES (747, 'C107-1', 123);
INSERT INTO `tb_bed` VALUES (748, 'C107-2', 123);
INSERT INTO `tb_bed` VALUES (749, 'C107-3', 123);
INSERT INTO `tb_bed` VALUES (750, 'C107-4', 123);
INSERT INTO `tb_bed` VALUES (751, 'C107-5', 123);
INSERT INTO `tb_bed` VALUES (752, 'C107-6', 123);
INSERT INTO `tb_bed` VALUES (753, 'C108-1', 124);
INSERT INTO `tb_bed` VALUES (754, 'C108-2', 124);
INSERT INTO `tb_bed` VALUES (755, 'C108-3', 124);
INSERT INTO `tb_bed` VALUES (756, 'C108-4', 124);
INSERT INTO `tb_bed` VALUES (757, 'C108-5', 124);
INSERT INTO `tb_bed` VALUES (758, 'C108-6', 124);
INSERT INTO `tb_bed` VALUES (759, 'C109-1', 125);
INSERT INTO `tb_bed` VALUES (760, 'C109-2', 125);
INSERT INTO `tb_bed` VALUES (761, 'C109-3', 125);
INSERT INTO `tb_bed` VALUES (762, 'C109-4', 125);
INSERT INTO `tb_bed` VALUES (763, 'C109-5', 125);
INSERT INTO `tb_bed` VALUES (764, 'C109-6', 125);
INSERT INTO `tb_bed` VALUES (765, 'C110-1', 126);
INSERT INTO `tb_bed` VALUES (766, 'C110-2', 126);
INSERT INTO `tb_bed` VALUES (767, 'C110-3', 126);
INSERT INTO `tb_bed` VALUES (768, 'C110-4', 126);
INSERT INTO `tb_bed` VALUES (769, 'C110-5', 126);
INSERT INTO `tb_bed` VALUES (770, 'C110-6', 126);
INSERT INTO `tb_bed` VALUES (1331, 'B201-1', 217);
INSERT INTO `tb_bed` VALUES (1332, 'B201-2', 217);
INSERT INTO `tb_bed` VALUES (1333, 'B201-3', 217);
INSERT INTO `tb_bed` VALUES (1334, 'B201-4', 217);
INSERT INTO `tb_bed` VALUES (1335, 'B201-5', 217);
INSERT INTO `tb_bed` VALUES (1336, 'B201-6', 217);
INSERT INTO `tb_bed` VALUES (1337, 'B202-1', 218);
INSERT INTO `tb_bed` VALUES (1338, 'B202-2', 218);
INSERT INTO `tb_bed` VALUES (1339, 'B202-3', 218);
INSERT INTO `tb_bed` VALUES (1340, 'B202-4', 218);
INSERT INTO `tb_bed` VALUES (1341, 'B202-5', 218);
INSERT INTO `tb_bed` VALUES (1342, 'B202-6', 218);
INSERT INTO `tb_bed` VALUES (1343, 'B203-1', 219);
INSERT INTO `tb_bed` VALUES (1344, 'B203-2', 219);
INSERT INTO `tb_bed` VALUES (1345, 'B203-3', 219);
INSERT INTO `tb_bed` VALUES (1346, 'B203-4', 219);
INSERT INTO `tb_bed` VALUES (1347, 'B203-5', 219);
INSERT INTO `tb_bed` VALUES (1348, 'B203-6', 219);
INSERT INTO `tb_bed` VALUES (1349, 'B204-1', 220);
INSERT INTO `tb_bed` VALUES (1350, 'B204-2', 220);
INSERT INTO `tb_bed` VALUES (1351, 'B204-3', 220);
INSERT INTO `tb_bed` VALUES (1352, 'B204-4', 220);
INSERT INTO `tb_bed` VALUES (1353, 'B204-5', 220);
INSERT INTO `tb_bed` VALUES (1354, 'B204-6', 220);
INSERT INTO `tb_bed` VALUES (1355, 'B205-1', 221);
INSERT INTO `tb_bed` VALUES (1356, 'B205-2', 221);
INSERT INTO `tb_bed` VALUES (1357, 'B205-3', 221);
INSERT INTO `tb_bed` VALUES (1358, 'B205-4', 221);
INSERT INTO `tb_bed` VALUES (1359, 'B205-5', 221);
INSERT INTO `tb_bed` VALUES (1360, 'B205-6', 221);
INSERT INTO `tb_bed` VALUES (1361, 'B206-1', 222);
INSERT INTO `tb_bed` VALUES (1362, 'B206-2', 222);
INSERT INTO `tb_bed` VALUES (1363, 'B206-3', 222);
INSERT INTO `tb_bed` VALUES (1364, 'B206-4', 222);
INSERT INTO `tb_bed` VALUES (1365, 'B206-5', 222);
INSERT INTO `tb_bed` VALUES (1366, 'B206-6', 222);
INSERT INTO `tb_bed` VALUES (1367, 'B207-1', 223);
INSERT INTO `tb_bed` VALUES (1368, 'B207-2', 223);
INSERT INTO `tb_bed` VALUES (1369, 'B207-3', 223);
INSERT INTO `tb_bed` VALUES (1370, 'B207-4', 223);
INSERT INTO `tb_bed` VALUES (1371, 'B207-5', 223);
INSERT INTO `tb_bed` VALUES (1372, 'B207-6', 223);
INSERT INTO `tb_bed` VALUES (1373, 'B208-1', 224);
INSERT INTO `tb_bed` VALUES (1374, 'B208-2', 224);
INSERT INTO `tb_bed` VALUES (1375, 'B208-3', 224);
INSERT INTO `tb_bed` VALUES (1376, 'B208-4', 224);
INSERT INTO `tb_bed` VALUES (1377, 'B208-5', 224);
INSERT INTO `tb_bed` VALUES (1378, 'B208-6', 224);
INSERT INTO `tb_bed` VALUES (1379, 'B209-1', 225);
INSERT INTO `tb_bed` VALUES (1380, 'B209-2', 225);
INSERT INTO `tb_bed` VALUES (1381, 'B209-3', 225);
INSERT INTO `tb_bed` VALUES (1382, 'B209-4', 225);
INSERT INTO `tb_bed` VALUES (1383, 'B209-5', 225);
INSERT INTO `tb_bed` VALUES (1384, 'B209-6', 225);
INSERT INTO `tb_bed` VALUES (1385, 'B210-1', 226);
INSERT INTO `tb_bed` VALUES (1386, 'B210-2', 226);
INSERT INTO `tb_bed` VALUES (1387, 'B210-3', 226);
INSERT INTO `tb_bed` VALUES (1388, 'B210-4', 226);
INSERT INTO `tb_bed` VALUES (1389, 'B210-5', 226);
INSERT INTO `tb_bed` VALUES (1390, 'B210-6', 226);
INSERT INTO `tb_bed` VALUES (1391, 'B301-1', 227);
INSERT INTO `tb_bed` VALUES (1392, 'B301-2', 227);
INSERT INTO `tb_bed` VALUES (1393, 'B301-3', 227);
INSERT INTO `tb_bed` VALUES (1394, 'B301-4', 227);
INSERT INTO `tb_bed` VALUES (1395, 'B301-5', 227);
INSERT INTO `tb_bed` VALUES (1396, 'B301-6', 227);
INSERT INTO `tb_bed` VALUES (1397, 'B302-1', 228);
INSERT INTO `tb_bed` VALUES (1398, 'B302-2', 228);
INSERT INTO `tb_bed` VALUES (1399, 'B302-3', 228);
INSERT INTO `tb_bed` VALUES (1400, 'B302-4', 228);
INSERT INTO `tb_bed` VALUES (1401, 'B302-5', 228);
INSERT INTO `tb_bed` VALUES (1402, 'B302-6', 228);
INSERT INTO `tb_bed` VALUES (1403, 'B303-1', 229);
INSERT INTO `tb_bed` VALUES (1404, 'B303-2', 229);
INSERT INTO `tb_bed` VALUES (1405, 'B303-3', 229);
INSERT INTO `tb_bed` VALUES (1406, 'B303-4', 229);
INSERT INTO `tb_bed` VALUES (1407, 'B303-5', 229);
INSERT INTO `tb_bed` VALUES (1408, 'B303-6', 229);
INSERT INTO `tb_bed` VALUES (1409, 'B304-1', 230);
INSERT INTO `tb_bed` VALUES (1410, 'B304-2', 230);
INSERT INTO `tb_bed` VALUES (1411, 'B304-3', 230);
INSERT INTO `tb_bed` VALUES (1412, 'B304-4', 230);
INSERT INTO `tb_bed` VALUES (1413, 'B304-5', 230);
INSERT INTO `tb_bed` VALUES (1414, 'B304-6', 230);
INSERT INTO `tb_bed` VALUES (1415, 'B305-1', 231);
INSERT INTO `tb_bed` VALUES (1416, 'B305-2', 231);
INSERT INTO `tb_bed` VALUES (1417, 'B305-3', 231);
INSERT INTO `tb_bed` VALUES (1418, 'B305-4', 231);
INSERT INTO `tb_bed` VALUES (1419, 'B305-5', 231);
INSERT INTO `tb_bed` VALUES (1420, 'B305-6', 231);
INSERT INTO `tb_bed` VALUES (1421, 'B306-1', 232);
INSERT INTO `tb_bed` VALUES (1422, 'B306-2', 232);
INSERT INTO `tb_bed` VALUES (1423, 'B306-3', 232);
INSERT INTO `tb_bed` VALUES (1424, 'B306-4', 232);
INSERT INTO `tb_bed` VALUES (1425, 'B306-5', 232);
INSERT INTO `tb_bed` VALUES (1426, 'B306-6', 232);
INSERT INTO `tb_bed` VALUES (1427, 'B307-1', 233);
INSERT INTO `tb_bed` VALUES (1428, 'B307-2', 233);
INSERT INTO `tb_bed` VALUES (1429, 'B307-3', 233);
INSERT INTO `tb_bed` VALUES (1430, 'B307-4', 233);
INSERT INTO `tb_bed` VALUES (1431, 'B307-5', 233);
INSERT INTO `tb_bed` VALUES (1432, 'B307-6', 233);
INSERT INTO `tb_bed` VALUES (1433, 'B308-1', 234);
INSERT INTO `tb_bed` VALUES (1434, 'B308-2', 234);
INSERT INTO `tb_bed` VALUES (1435, 'B308-3', 234);
INSERT INTO `tb_bed` VALUES (1436, 'B308-4', 234);
INSERT INTO `tb_bed` VALUES (1437, 'B308-5', 234);
INSERT INTO `tb_bed` VALUES (1438, 'B308-6', 234);
INSERT INTO `tb_bed` VALUES (1439, 'B309-1', 235);
INSERT INTO `tb_bed` VALUES (1440, 'B309-2', 235);
INSERT INTO `tb_bed` VALUES (1441, 'B309-3', 235);
INSERT INTO `tb_bed` VALUES (1442, 'B309-4', 235);
INSERT INTO `tb_bed` VALUES (1443, 'B309-5', 235);
INSERT INTO `tb_bed` VALUES (1444, 'B309-6', 235);
INSERT INTO `tb_bed` VALUES (1445, 'B310-1', 236);
INSERT INTO `tb_bed` VALUES (1446, 'B310-2', 236);
INSERT INTO `tb_bed` VALUES (1447, 'B310-3', 236);
INSERT INTO `tb_bed` VALUES (1448, 'B310-4', 236);
INSERT INTO `tb_bed` VALUES (1449, 'B310-5', 236);
INSERT INTO `tb_bed` VALUES (1450, 'B310-6', 236);
INSERT INTO `tb_bed` VALUES (1451, 'B401-1', 237);
INSERT INTO `tb_bed` VALUES (1452, 'B401-2', 237);
INSERT INTO `tb_bed` VALUES (1453, 'B401-3', 237);
INSERT INTO `tb_bed` VALUES (1454, 'B401-4', 237);
INSERT INTO `tb_bed` VALUES (1455, 'B401-5', 237);
INSERT INTO `tb_bed` VALUES (1456, 'B401-6', 237);
INSERT INTO `tb_bed` VALUES (1457, 'B402-1', 238);
INSERT INTO `tb_bed` VALUES (1458, 'B402-2', 238);
INSERT INTO `tb_bed` VALUES (1459, 'B402-3', 238);
INSERT INTO `tb_bed` VALUES (1460, 'B402-4', 238);
INSERT INTO `tb_bed` VALUES (1461, 'B402-5', 238);
INSERT INTO `tb_bed` VALUES (1462, 'B402-6', 238);
INSERT INTO `tb_bed` VALUES (1463, 'B403-1', 239);
INSERT INTO `tb_bed` VALUES (1464, 'B403-2', 239);
INSERT INTO `tb_bed` VALUES (1465, 'B403-3', 239);
INSERT INTO `tb_bed` VALUES (1466, 'B403-4', 239);
INSERT INTO `tb_bed` VALUES (1467, 'B403-5', 239);
INSERT INTO `tb_bed` VALUES (1468, 'B403-6', 239);
INSERT INTO `tb_bed` VALUES (1469, 'B404-1', 240);
INSERT INTO `tb_bed` VALUES (1470, 'B404-2', 240);
INSERT INTO `tb_bed` VALUES (1471, 'B404-3', 240);
INSERT INTO `tb_bed` VALUES (1472, 'B404-4', 240);
INSERT INTO `tb_bed` VALUES (1473, 'B404-5', 240);
INSERT INTO `tb_bed` VALUES (1474, 'B404-6', 240);
INSERT INTO `tb_bed` VALUES (1475, 'B405-1', 241);
INSERT INTO `tb_bed` VALUES (1476, 'B405-2', 241);
INSERT INTO `tb_bed` VALUES (1477, 'B405-3', 241);
INSERT INTO `tb_bed` VALUES (1478, 'B405-4', 241);
INSERT INTO `tb_bed` VALUES (1479, 'B405-5', 241);
INSERT INTO `tb_bed` VALUES (1480, 'B405-6', 241);
INSERT INTO `tb_bed` VALUES (1481, 'B406-1', 242);
INSERT INTO `tb_bed` VALUES (1482, 'B406-2', 242);
INSERT INTO `tb_bed` VALUES (1483, 'B406-3', 242);
INSERT INTO `tb_bed` VALUES (1484, 'B406-4', 242);
INSERT INTO `tb_bed` VALUES (1485, 'B406-5', 242);
INSERT INTO `tb_bed` VALUES (1486, 'B406-6', 242);
INSERT INTO `tb_bed` VALUES (1487, 'B407-1', 243);
INSERT INTO `tb_bed` VALUES (1488, 'B407-2', 243);
INSERT INTO `tb_bed` VALUES (1489, 'B407-3', 243);
INSERT INTO `tb_bed` VALUES (1490, 'B407-4', 243);
INSERT INTO `tb_bed` VALUES (1491, 'B407-5', 243);
INSERT INTO `tb_bed` VALUES (1492, 'B407-6', 243);
INSERT INTO `tb_bed` VALUES (1493, 'B408-1', 244);
INSERT INTO `tb_bed` VALUES (1494, 'B408-2', 244);
INSERT INTO `tb_bed` VALUES (1495, 'B408-3', 244);
INSERT INTO `tb_bed` VALUES (1496, 'B408-4', 244);
INSERT INTO `tb_bed` VALUES (1497, 'B408-5', 244);
INSERT INTO `tb_bed` VALUES (1498, 'B408-6', 244);
INSERT INTO `tb_bed` VALUES (1499, 'B409-1', 245);
INSERT INTO `tb_bed` VALUES (1500, 'B409-2', 245);
INSERT INTO `tb_bed` VALUES (1501, 'B409-3', 245);
INSERT INTO `tb_bed` VALUES (1502, 'B409-4', 245);
INSERT INTO `tb_bed` VALUES (1503, 'B409-5', 245);
INSERT INTO `tb_bed` VALUES (1504, 'B409-6', 245);
INSERT INTO `tb_bed` VALUES (1505, 'B410-1', 246);
INSERT INTO `tb_bed` VALUES (1506, 'B410-2', 246);
INSERT INTO `tb_bed` VALUES (1507, 'B410-3', 246);
INSERT INTO `tb_bed` VALUES (1508, 'B410-4', 246);
INSERT INTO `tb_bed` VALUES (1509, 'B410-5', 246);
INSERT INTO `tb_bed` VALUES (1510, 'B410-6', 246);
INSERT INTO `tb_bed` VALUES (1511, 'B501-1', 247);
INSERT INTO `tb_bed` VALUES (1512, 'B501-2', 247);
INSERT INTO `tb_bed` VALUES (1513, 'B501-3', 247);
INSERT INTO `tb_bed` VALUES (1514, 'B501-4', 247);
INSERT INTO `tb_bed` VALUES (1515, 'B501-5', 247);
INSERT INTO `tb_bed` VALUES (1516, 'B501-6', 247);
INSERT INTO `tb_bed` VALUES (1517, 'B502-1', 248);
INSERT INTO `tb_bed` VALUES (1518, 'B502-2', 248);
INSERT INTO `tb_bed` VALUES (1519, 'B502-3', 248);
INSERT INTO `tb_bed` VALUES (1520, 'B502-4', 248);
INSERT INTO `tb_bed` VALUES (1521, 'B502-5', 248);
INSERT INTO `tb_bed` VALUES (1522, 'B502-6', 248);
INSERT INTO `tb_bed` VALUES (1523, 'B503-1', 249);
INSERT INTO `tb_bed` VALUES (1524, 'B503-2', 249);
INSERT INTO `tb_bed` VALUES (1525, 'B503-3', 249);
INSERT INTO `tb_bed` VALUES (1526, 'B503-4', 249);
INSERT INTO `tb_bed` VALUES (1527, 'B503-5', 249);
INSERT INTO `tb_bed` VALUES (1528, 'B503-6', 249);
INSERT INTO `tb_bed` VALUES (1529, 'B504-1', 250);
INSERT INTO `tb_bed` VALUES (1530, 'B504-2', 250);
INSERT INTO `tb_bed` VALUES (1531, 'B504-3', 250);
INSERT INTO `tb_bed` VALUES (1532, 'B504-4', 250);
INSERT INTO `tb_bed` VALUES (1533, 'B504-5', 250);
INSERT INTO `tb_bed` VALUES (1534, 'B504-6', 250);
INSERT INTO `tb_bed` VALUES (1535, 'B505-1', 251);
INSERT INTO `tb_bed` VALUES (1536, 'B505-2', 251);
INSERT INTO `tb_bed` VALUES (1537, 'B505-3', 251);
INSERT INTO `tb_bed` VALUES (1538, 'B505-4', 251);
INSERT INTO `tb_bed` VALUES (1539, 'B505-5', 251);
INSERT INTO `tb_bed` VALUES (1540, 'B505-6', 251);
INSERT INTO `tb_bed` VALUES (1541, 'B506-1', 252);
INSERT INTO `tb_bed` VALUES (1542, 'B506-2', 252);
INSERT INTO `tb_bed` VALUES (1543, 'B506-3', 252);
INSERT INTO `tb_bed` VALUES (1544, 'B506-4', 252);
INSERT INTO `tb_bed` VALUES (1545, 'B506-5', 252);
INSERT INTO `tb_bed` VALUES (1546, 'B506-6', 252);
INSERT INTO `tb_bed` VALUES (1547, 'B507-1', 253);
INSERT INTO `tb_bed` VALUES (1548, 'B507-2', 253);
INSERT INTO `tb_bed` VALUES (1549, 'B507-3', 253);
INSERT INTO `tb_bed` VALUES (1550, 'B507-4', 253);
INSERT INTO `tb_bed` VALUES (1551, 'B507-5', 253);
INSERT INTO `tb_bed` VALUES (1552, 'B507-6', 253);
INSERT INTO `tb_bed` VALUES (1553, 'B508-1', 254);
INSERT INTO `tb_bed` VALUES (1554, 'B508-2', 254);
INSERT INTO `tb_bed` VALUES (1555, 'B508-3', 254);
INSERT INTO `tb_bed` VALUES (1556, 'B508-4', 254);
INSERT INTO `tb_bed` VALUES (1557, 'B508-5', 254);
INSERT INTO `tb_bed` VALUES (1558, 'B508-6', 254);
INSERT INTO `tb_bed` VALUES (1559, 'B509-1', 255);
INSERT INTO `tb_bed` VALUES (1560, 'B509-2', 255);
INSERT INTO `tb_bed` VALUES (1561, 'B509-3', 255);
INSERT INTO `tb_bed` VALUES (1562, 'B509-4', 255);
INSERT INTO `tb_bed` VALUES (1563, 'B509-5', 255);
INSERT INTO `tb_bed` VALUES (1564, 'B509-6', 255);
INSERT INTO `tb_bed` VALUES (1565, 'B510-1', 256);
INSERT INTO `tb_bed` VALUES (1566, 'B510-2', 256);
INSERT INTO `tb_bed` VALUES (1567, 'B510-3', 256);
INSERT INTO `tb_bed` VALUES (1568, 'B510-4', 256);
INSERT INTO `tb_bed` VALUES (1569, 'B510-5', 256);
INSERT INTO `tb_bed` VALUES (1570, 'B510-6', 256);
INSERT INTO `tb_bed` VALUES (1571, 'B601-1', 257);
INSERT INTO `tb_bed` VALUES (1572, 'B601-2', 257);
INSERT INTO `tb_bed` VALUES (1573, 'B601-3', 257);
INSERT INTO `tb_bed` VALUES (1574, 'B601-4', 257);
INSERT INTO `tb_bed` VALUES (1575, 'B601-5', 257);
INSERT INTO `tb_bed` VALUES (1576, 'B601-6', 257);
INSERT INTO `tb_bed` VALUES (1577, 'B602-1', 258);
INSERT INTO `tb_bed` VALUES (1578, 'B602-2', 258);
INSERT INTO `tb_bed` VALUES (1579, 'B602-3', 258);
INSERT INTO `tb_bed` VALUES (1580, 'B602-4', 258);
INSERT INTO `tb_bed` VALUES (1581, 'B602-5', 258);
INSERT INTO `tb_bed` VALUES (1582, 'B602-6', 258);
INSERT INTO `tb_bed` VALUES (1583, 'B603-1', 259);
INSERT INTO `tb_bed` VALUES (1584, 'B603-2', 259);
INSERT INTO `tb_bed` VALUES (1585, 'B603-3', 259);
INSERT INTO `tb_bed` VALUES (1586, 'B603-4', 259);
INSERT INTO `tb_bed` VALUES (1587, 'B603-5', 259);
INSERT INTO `tb_bed` VALUES (1588, 'B603-6', 259);
INSERT INTO `tb_bed` VALUES (1589, 'B604-1', 260);
INSERT INTO `tb_bed` VALUES (1590, 'B604-2', 260);
INSERT INTO `tb_bed` VALUES (1591, 'B604-3', 260);
INSERT INTO `tb_bed` VALUES (1592, 'B604-4', 260);
INSERT INTO `tb_bed` VALUES (1593, 'B604-5', 260);
INSERT INTO `tb_bed` VALUES (1594, 'B604-6', 260);
INSERT INTO `tb_bed` VALUES (1595, 'B605-1', 261);
INSERT INTO `tb_bed` VALUES (1596, 'B605-2', 261);
INSERT INTO `tb_bed` VALUES (1597, 'B605-3', 261);
INSERT INTO `tb_bed` VALUES (1598, 'B605-4', 261);
INSERT INTO `tb_bed` VALUES (1599, 'B605-5', 261);
INSERT INTO `tb_bed` VALUES (1600, 'B605-6', 261);
INSERT INTO `tb_bed` VALUES (1601, 'B606-1', 262);
INSERT INTO `tb_bed` VALUES (1602, 'B606-2', 262);
INSERT INTO `tb_bed` VALUES (1603, 'B606-3', 262);
INSERT INTO `tb_bed` VALUES (1604, 'B606-4', 262);
INSERT INTO `tb_bed` VALUES (1605, 'B606-5', 262);
INSERT INTO `tb_bed` VALUES (1606, 'B606-6', 262);
INSERT INTO `tb_bed` VALUES (1607, 'B607-1', 263);
INSERT INTO `tb_bed` VALUES (1608, 'B607-2', 263);
INSERT INTO `tb_bed` VALUES (1609, 'B607-3', 263);
INSERT INTO `tb_bed` VALUES (1610, 'B607-4', 263);
INSERT INTO `tb_bed` VALUES (1611, 'B607-5', 263);
INSERT INTO `tb_bed` VALUES (1612, 'B607-6', 263);
INSERT INTO `tb_bed` VALUES (1613, 'B608-1', 264);
INSERT INTO `tb_bed` VALUES (1614, 'B608-2', 264);
INSERT INTO `tb_bed` VALUES (1615, 'B608-3', 264);
INSERT INTO `tb_bed` VALUES (1616, 'B608-4', 264);
INSERT INTO `tb_bed` VALUES (1617, 'B608-5', 264);
INSERT INTO `tb_bed` VALUES (1618, 'B608-6', 264);
INSERT INTO `tb_bed` VALUES (1619, 'B609-1', 265);
INSERT INTO `tb_bed` VALUES (1620, 'B609-2', 265);
INSERT INTO `tb_bed` VALUES (1621, 'B609-3', 265);
INSERT INTO `tb_bed` VALUES (1622, 'B609-4', 265);
INSERT INTO `tb_bed` VALUES (1623, 'B609-5', 265);
INSERT INTO `tb_bed` VALUES (1624, 'B609-6', 265);
INSERT INTO `tb_bed` VALUES (1625, 'B610-1', 266);
INSERT INTO `tb_bed` VALUES (1626, 'B610-2', 266);
INSERT INTO `tb_bed` VALUES (1627, 'B610-3', 266);
INSERT INTO `tb_bed` VALUES (1628, 'B610-4', 266);
INSERT INTO `tb_bed` VALUES (1629, 'B610-5', 266);
INSERT INTO `tb_bed` VALUES (1630, 'B610-6', 266);
INSERT INTO `tb_bed` VALUES (1631, 'B701-1', 267);
INSERT INTO `tb_bed` VALUES (1632, 'B701-2', 267);
INSERT INTO `tb_bed` VALUES (1633, 'B701-3', 267);
INSERT INTO `tb_bed` VALUES (1634, 'B701-4', 267);
INSERT INTO `tb_bed` VALUES (1635, 'B701-5', 267);
INSERT INTO `tb_bed` VALUES (1636, 'B701-6', 267);
INSERT INTO `tb_bed` VALUES (1637, 'B702-1', 268);
INSERT INTO `tb_bed` VALUES (1638, 'B702-2', 268);
INSERT INTO `tb_bed` VALUES (1639, 'B702-3', 268);
INSERT INTO `tb_bed` VALUES (1640, 'B702-4', 268);
INSERT INTO `tb_bed` VALUES (1641, 'B702-5', 268);
INSERT INTO `tb_bed` VALUES (1642, 'B702-6', 268);
INSERT INTO `tb_bed` VALUES (1643, 'B703-1', 269);
INSERT INTO `tb_bed` VALUES (1644, 'B703-2', 269);
INSERT INTO `tb_bed` VALUES (1645, 'B703-3', 269);
INSERT INTO `tb_bed` VALUES (1646, 'B703-4', 269);
INSERT INTO `tb_bed` VALUES (1647, 'B703-5', 269);
INSERT INTO `tb_bed` VALUES (1648, 'B703-6', 269);
INSERT INTO `tb_bed` VALUES (1649, 'B704-1', 270);
INSERT INTO `tb_bed` VALUES (1650, 'B704-2', 270);
INSERT INTO `tb_bed` VALUES (1651, 'B704-3', 270);
INSERT INTO `tb_bed` VALUES (1652, 'B704-4', 270);
INSERT INTO `tb_bed` VALUES (1653, 'B704-5', 270);
INSERT INTO `tb_bed` VALUES (1654, 'B704-6', 270);
INSERT INTO `tb_bed` VALUES (1655, 'B705-1', 271);
INSERT INTO `tb_bed` VALUES (1656, 'B705-2', 271);
INSERT INTO `tb_bed` VALUES (1657, 'B705-3', 271);
INSERT INTO `tb_bed` VALUES (1658, 'B705-4', 271);
INSERT INTO `tb_bed` VALUES (1659, 'B705-5', 271);
INSERT INTO `tb_bed` VALUES (1660, 'B705-6', 271);
INSERT INTO `tb_bed` VALUES (1661, 'B706-1', 272);
INSERT INTO `tb_bed` VALUES (1662, 'B706-2', 272);
INSERT INTO `tb_bed` VALUES (1663, 'B706-3', 272);
INSERT INTO `tb_bed` VALUES (1664, 'B706-4', 272);
INSERT INTO `tb_bed` VALUES (1665, 'B706-5', 272);
INSERT INTO `tb_bed` VALUES (1666, 'B706-6', 272);
INSERT INTO `tb_bed` VALUES (1667, 'B707-1', 273);
INSERT INTO `tb_bed` VALUES (1668, 'B707-2', 273);
INSERT INTO `tb_bed` VALUES (1669, 'B707-3', 273);
INSERT INTO `tb_bed` VALUES (1670, 'B707-4', 273);
INSERT INTO `tb_bed` VALUES (1671, 'B707-5', 273);
INSERT INTO `tb_bed` VALUES (1672, 'B707-6', 273);
INSERT INTO `tb_bed` VALUES (1673, 'B708-1', 274);
INSERT INTO `tb_bed` VALUES (1674, 'B708-2', 274);
INSERT INTO `tb_bed` VALUES (1675, 'B708-3', 274);
INSERT INTO `tb_bed` VALUES (1676, 'B708-4', 274);
INSERT INTO `tb_bed` VALUES (1677, 'B708-5', 274);
INSERT INTO `tb_bed` VALUES (1678, 'B708-6', 274);
INSERT INTO `tb_bed` VALUES (1679, 'B709-1', 275);
INSERT INTO `tb_bed` VALUES (1680, 'B709-2', 275);
INSERT INTO `tb_bed` VALUES (1681, 'B709-3', 275);
INSERT INTO `tb_bed` VALUES (1682, 'B709-4', 275);
INSERT INTO `tb_bed` VALUES (1683, 'B709-5', 275);
INSERT INTO `tb_bed` VALUES (1684, 'B709-6', 275);
INSERT INTO `tb_bed` VALUES (1685, 'B710-1', 276);
INSERT INTO `tb_bed` VALUES (1686, 'B710-2', 276);
INSERT INTO `tb_bed` VALUES (1687, 'B710-3', 276);
INSERT INTO `tb_bed` VALUES (1688, 'B710-4', 276);
INSERT INTO `tb_bed` VALUES (1689, 'B710-5', 276);
INSERT INTO `tb_bed` VALUES (1690, 'B710-6', 276);
INSERT INTO `tb_bed` VALUES (1691, 'B801-1', 277);
INSERT INTO `tb_bed` VALUES (1692, 'B801-2', 277);
INSERT INTO `tb_bed` VALUES (1693, 'B801-3', 277);
INSERT INTO `tb_bed` VALUES (1694, 'B801-4', 277);
INSERT INTO `tb_bed` VALUES (1695, 'B801-5', 277);
INSERT INTO `tb_bed` VALUES (1696, 'B801-6', 277);
INSERT INTO `tb_bed` VALUES (1697, 'B802-1', 278);
INSERT INTO `tb_bed` VALUES (1698, 'B802-2', 278);
INSERT INTO `tb_bed` VALUES (1699, 'B802-3', 278);
INSERT INTO `tb_bed` VALUES (1700, 'B802-4', 278);
INSERT INTO `tb_bed` VALUES (1701, 'B802-5', 278);
INSERT INTO `tb_bed` VALUES (1702, 'B802-6', 278);
INSERT INTO `tb_bed` VALUES (1703, 'B803-1', 279);
INSERT INTO `tb_bed` VALUES (1704, 'B803-2', 279);
INSERT INTO `tb_bed` VALUES (1705, 'B803-3', 279);
INSERT INTO `tb_bed` VALUES (1706, 'B803-4', 279);
INSERT INTO `tb_bed` VALUES (1707, 'B803-5', 279);
INSERT INTO `tb_bed` VALUES (1708, 'B803-6', 279);
INSERT INTO `tb_bed` VALUES (1709, 'B804-1', 280);
INSERT INTO `tb_bed` VALUES (1710, 'B804-2', 280);
INSERT INTO `tb_bed` VALUES (1711, 'B804-3', 280);
INSERT INTO `tb_bed` VALUES (1712, 'B804-4', 280);
INSERT INTO `tb_bed` VALUES (1713, 'B804-5', 280);
INSERT INTO `tb_bed` VALUES (1714, 'B804-6', 280);
INSERT INTO `tb_bed` VALUES (1715, 'B805-1', 281);
INSERT INTO `tb_bed` VALUES (1716, 'B805-2', 281);
INSERT INTO `tb_bed` VALUES (1717, 'B805-3', 281);
INSERT INTO `tb_bed` VALUES (1718, 'B805-4', 281);
INSERT INTO `tb_bed` VALUES (1719, 'B805-5', 281);
INSERT INTO `tb_bed` VALUES (1720, 'B805-6', 281);
INSERT INTO `tb_bed` VALUES (1721, 'B806-1', 282);
INSERT INTO `tb_bed` VALUES (1722, 'B806-2', 282);
INSERT INTO `tb_bed` VALUES (1723, 'B806-3', 282);
INSERT INTO `tb_bed` VALUES (1724, 'B806-4', 282);
INSERT INTO `tb_bed` VALUES (1725, 'B806-5', 282);
INSERT INTO `tb_bed` VALUES (1726, 'B806-6', 282);
INSERT INTO `tb_bed` VALUES (1727, 'B807-1', 283);
INSERT INTO `tb_bed` VALUES (1728, 'B807-2', 283);
INSERT INTO `tb_bed` VALUES (1729, 'B807-3', 283);
INSERT INTO `tb_bed` VALUES (1730, 'B807-4', 283);
INSERT INTO `tb_bed` VALUES (1731, 'B807-5', 283);
INSERT INTO `tb_bed` VALUES (1732, 'B807-6', 283);
INSERT INTO `tb_bed` VALUES (1733, 'B808-1', 284);
INSERT INTO `tb_bed` VALUES (1734, 'B808-2', 284);
INSERT INTO `tb_bed` VALUES (1735, 'B808-3', 284);
INSERT INTO `tb_bed` VALUES (1736, 'B808-4', 284);
INSERT INTO `tb_bed` VALUES (1737, 'B808-5', 284);
INSERT INTO `tb_bed` VALUES (1738, 'B808-6', 284);
INSERT INTO `tb_bed` VALUES (1739, 'B809-1', 285);
INSERT INTO `tb_bed` VALUES (1740, 'B809-2', 285);
INSERT INTO `tb_bed` VALUES (1741, 'B809-3', 285);
INSERT INTO `tb_bed` VALUES (1742, 'B809-4', 285);
INSERT INTO `tb_bed` VALUES (1743, 'B809-5', 285);
INSERT INTO `tb_bed` VALUES (1744, 'B809-6', 285);
INSERT INTO `tb_bed` VALUES (1745, 'B810-1', 286);
INSERT INTO `tb_bed` VALUES (1746, 'B810-2', 286);
INSERT INTO `tb_bed` VALUES (1747, 'B810-3', 286);
INSERT INTO `tb_bed` VALUES (1748, 'B810-4', 286);
INSERT INTO `tb_bed` VALUES (1749, 'B810-5', 286);
INSERT INTO `tb_bed` VALUES (1750, 'B810-6', 286);
INSERT INTO `tb_bed` VALUES (1751, 'B901-1', 287);
INSERT INTO `tb_bed` VALUES (1752, 'B901-2', 287);
INSERT INTO `tb_bed` VALUES (1753, 'B901-3', 287);
INSERT INTO `tb_bed` VALUES (1754, 'B901-4', 287);
INSERT INTO `tb_bed` VALUES (1755, 'B901-5', 287);
INSERT INTO `tb_bed` VALUES (1756, 'B901-6', 287);
INSERT INTO `tb_bed` VALUES (1757, 'B902-1', 288);
INSERT INTO `tb_bed` VALUES (1758, 'B902-2', 288);
INSERT INTO `tb_bed` VALUES (1759, 'B902-3', 288);
INSERT INTO `tb_bed` VALUES (1760, 'B902-4', 288);
INSERT INTO `tb_bed` VALUES (1761, 'B902-5', 288);
INSERT INTO `tb_bed` VALUES (1762, 'B902-6', 288);
INSERT INTO `tb_bed` VALUES (1763, 'B903-1', 289);
INSERT INTO `tb_bed` VALUES (1764, 'B903-2', 289);
INSERT INTO `tb_bed` VALUES (1765, 'B903-3', 289);
INSERT INTO `tb_bed` VALUES (1766, 'B903-4', 289);
INSERT INTO `tb_bed` VALUES (1767, 'B903-5', 289);
INSERT INTO `tb_bed` VALUES (1768, 'B903-6', 289);
INSERT INTO `tb_bed` VALUES (1769, 'B904-1', 290);
INSERT INTO `tb_bed` VALUES (1770, 'B904-2', 290);
INSERT INTO `tb_bed` VALUES (1771, 'B904-3', 290);
INSERT INTO `tb_bed` VALUES (1772, 'B904-4', 290);
INSERT INTO `tb_bed` VALUES (1773, 'B904-5', 290);
INSERT INTO `tb_bed` VALUES (1774, 'B904-6', 290);
INSERT INTO `tb_bed` VALUES (1775, 'B905-1', 291);
INSERT INTO `tb_bed` VALUES (1776, 'B905-2', 291);
INSERT INTO `tb_bed` VALUES (1777, 'B905-3', 291);
INSERT INTO `tb_bed` VALUES (1778, 'B905-4', 291);
INSERT INTO `tb_bed` VALUES (1779, 'B905-5', 291);
INSERT INTO `tb_bed` VALUES (1780, 'B905-6', 291);
INSERT INTO `tb_bed` VALUES (1781, 'B906-1', 292);
INSERT INTO `tb_bed` VALUES (1782, 'B906-2', 292);
INSERT INTO `tb_bed` VALUES (1783, 'B906-3', 292);
INSERT INTO `tb_bed` VALUES (1784, 'B906-4', 292);
INSERT INTO `tb_bed` VALUES (1785, 'B906-5', 292);
INSERT INTO `tb_bed` VALUES (1786, 'B906-6', 292);
INSERT INTO `tb_bed` VALUES (1787, 'B907-1', 293);
INSERT INTO `tb_bed` VALUES (1788, 'B907-2', 293);
INSERT INTO `tb_bed` VALUES (1789, 'B907-3', 293);
INSERT INTO `tb_bed` VALUES (1790, 'B907-4', 293);
INSERT INTO `tb_bed` VALUES (1791, 'B907-5', 293);
INSERT INTO `tb_bed` VALUES (1792, 'B907-6', 293);
INSERT INTO `tb_bed` VALUES (1793, 'B908-1', 294);
INSERT INTO `tb_bed` VALUES (1794, 'B908-2', 294);
INSERT INTO `tb_bed` VALUES (1795, 'B908-3', 294);
INSERT INTO `tb_bed` VALUES (1796, 'B908-4', 294);
INSERT INTO `tb_bed` VALUES (1797, 'B908-5', 294);
INSERT INTO `tb_bed` VALUES (1798, 'B908-6', 294);
INSERT INTO `tb_bed` VALUES (1799, 'B909-1', 295);
INSERT INTO `tb_bed` VALUES (1800, 'B909-2', 295);
INSERT INTO `tb_bed` VALUES (1801, 'B909-3', 295);
INSERT INTO `tb_bed` VALUES (1802, 'B909-4', 295);
INSERT INTO `tb_bed` VALUES (1803, 'B909-5', 295);
INSERT INTO `tb_bed` VALUES (1804, 'B909-6', 295);
INSERT INTO `tb_bed` VALUES (1805, 'B910-1', 296);
INSERT INTO `tb_bed` VALUES (1806, 'B910-2', 296);
INSERT INTO `tb_bed` VALUES (1807, 'B910-3', 296);
INSERT INTO `tb_bed` VALUES (1808, 'B910-4', 296);
INSERT INTO `tb_bed` VALUES (1809, 'B910-5', 296);
INSERT INTO `tb_bed` VALUES (1810, 'B910-6', 296);
INSERT INTO `tb_bed` VALUES (1811, 'B1001-1', 297);
INSERT INTO `tb_bed` VALUES (1812, 'B1001-2', 297);
INSERT INTO `tb_bed` VALUES (1813, 'B1001-3', 297);
INSERT INTO `tb_bed` VALUES (1814, 'B1001-4', 297);
INSERT INTO `tb_bed` VALUES (1815, 'B1001-5', 297);
INSERT INTO `tb_bed` VALUES (1816, 'B1001-6', 297);
INSERT INTO `tb_bed` VALUES (1817, 'B1002-1', 298);
INSERT INTO `tb_bed` VALUES (1818, 'B1002-2', 298);
INSERT INTO `tb_bed` VALUES (1819, 'B1002-3', 298);
INSERT INTO `tb_bed` VALUES (1820, 'B1002-4', 298);
INSERT INTO `tb_bed` VALUES (1821, 'B1002-5', 298);
INSERT INTO `tb_bed` VALUES (1822, 'B1002-6', 298);
INSERT INTO `tb_bed` VALUES (1823, 'B1003-1', 299);
INSERT INTO `tb_bed` VALUES (1824, 'B1003-2', 299);
INSERT INTO `tb_bed` VALUES (1825, 'B1003-3', 299);
INSERT INTO `tb_bed` VALUES (1826, 'B1003-4', 299);
INSERT INTO `tb_bed` VALUES (1827, 'B1003-5', 299);
INSERT INTO `tb_bed` VALUES (1828, 'B1003-6', 299);
INSERT INTO `tb_bed` VALUES (1829, 'B1004-1', 300);
INSERT INTO `tb_bed` VALUES (1830, 'B1004-2', 300);
INSERT INTO `tb_bed` VALUES (1831, 'B1004-3', 300);
INSERT INTO `tb_bed` VALUES (1832, 'B1004-4', 300);
INSERT INTO `tb_bed` VALUES (1833, 'B1004-5', 300);
INSERT INTO `tb_bed` VALUES (1834, 'B1004-6', 300);
INSERT INTO `tb_bed` VALUES (1835, 'B1005-1', 301);
INSERT INTO `tb_bed` VALUES (1836, 'B1005-2', 301);
INSERT INTO `tb_bed` VALUES (1837, 'B1005-3', 301);
INSERT INTO `tb_bed` VALUES (1838, 'B1005-4', 301);
INSERT INTO `tb_bed` VALUES (1839, 'B1005-5', 301);
INSERT INTO `tb_bed` VALUES (1840, 'B1005-6', 301);
INSERT INTO `tb_bed` VALUES (1841, 'B1006-1', 302);
INSERT INTO `tb_bed` VALUES (1842, 'B1006-2', 302);
INSERT INTO `tb_bed` VALUES (1843, 'B1006-3', 302);
INSERT INTO `tb_bed` VALUES (1844, 'B1006-4', 302);
INSERT INTO `tb_bed` VALUES (1845, 'B1006-5', 302);
INSERT INTO `tb_bed` VALUES (1846, 'B1006-6', 302);
INSERT INTO `tb_bed` VALUES (1847, 'B1007-1', 303);
INSERT INTO `tb_bed` VALUES (1848, 'B1007-2', 303);
INSERT INTO `tb_bed` VALUES (1849, 'B1007-3', 303);
INSERT INTO `tb_bed` VALUES (1850, 'B1007-4', 303);
INSERT INTO `tb_bed` VALUES (1851, 'B1007-5', 303);
INSERT INTO `tb_bed` VALUES (1852, 'B1007-6', 303);
INSERT INTO `tb_bed` VALUES (1853, 'B1008-1', 304);
INSERT INTO `tb_bed` VALUES (1854, 'B1008-2', 304);
INSERT INTO `tb_bed` VALUES (1855, 'B1008-3', 304);
INSERT INTO `tb_bed` VALUES (1856, 'B1008-4', 304);
INSERT INTO `tb_bed` VALUES (1857, 'B1008-5', 304);
INSERT INTO `tb_bed` VALUES (1858, 'B1008-6', 304);
INSERT INTO `tb_bed` VALUES (1859, 'B1009-1', 305);
INSERT INTO `tb_bed` VALUES (1860, 'B1009-2', 305);
INSERT INTO `tb_bed` VALUES (1861, 'B1009-3', 305);
INSERT INTO `tb_bed` VALUES (1862, 'B1009-4', 305);
INSERT INTO `tb_bed` VALUES (1863, 'B1009-5', 305);
INSERT INTO `tb_bed` VALUES (1864, 'B1009-6', 305);
INSERT INTO `tb_bed` VALUES (1865, 'B1010-1', 306);
INSERT INTO `tb_bed` VALUES (1866, 'B1010-2', 306);
INSERT INTO `tb_bed` VALUES (1867, 'B1010-3', 306);
INSERT INTO `tb_bed` VALUES (1868, 'B1010-4', 306);
INSERT INTO `tb_bed` VALUES (1869, 'B1010-5', 306);
INSERT INTO `tb_bed` VALUES (1870, 'B1010-6', 306);
INSERT INTO `tb_bed` VALUES (1871, 'C201-1', 307);
INSERT INTO `tb_bed` VALUES (1872, 'C201-2', 307);
INSERT INTO `tb_bed` VALUES (1873, 'C201-3', 307);
INSERT INTO `tb_bed` VALUES (1874, 'C201-4', 307);
INSERT INTO `tb_bed` VALUES (1875, 'C201-5', 307);
INSERT INTO `tb_bed` VALUES (1876, 'C201-6', 307);
INSERT INTO `tb_bed` VALUES (1877, 'C202-1', 308);
INSERT INTO `tb_bed` VALUES (1878, 'C202-2', 308);
INSERT INTO `tb_bed` VALUES (1879, 'C202-3', 308);
INSERT INTO `tb_bed` VALUES (1880, 'C202-4', 308);
INSERT INTO `tb_bed` VALUES (1881, 'C202-5', 308);
INSERT INTO `tb_bed` VALUES (1882, 'C202-6', 308);
INSERT INTO `tb_bed` VALUES (1883, 'C203-1', 309);
INSERT INTO `tb_bed` VALUES (1884, 'C203-2', 309);
INSERT INTO `tb_bed` VALUES (1885, 'C203-3', 309);
INSERT INTO `tb_bed` VALUES (1886, 'C203-4', 309);
INSERT INTO `tb_bed` VALUES (1887, 'C203-5', 309);
INSERT INTO `tb_bed` VALUES (1888, 'C203-6', 309);
INSERT INTO `tb_bed` VALUES (1889, 'C204-1', 310);
INSERT INTO `tb_bed` VALUES (1890, 'C204-2', 310);
INSERT INTO `tb_bed` VALUES (1891, 'C204-3', 310);
INSERT INTO `tb_bed` VALUES (1892, 'C204-4', 310);
INSERT INTO `tb_bed` VALUES (1893, 'C204-5', 310);
INSERT INTO `tb_bed` VALUES (1894, 'C204-6', 310);
INSERT INTO `tb_bed` VALUES (1895, 'C205-1', 311);
INSERT INTO `tb_bed` VALUES (1896, 'C205-2', 311);
INSERT INTO `tb_bed` VALUES (1897, 'C205-3', 311);
INSERT INTO `tb_bed` VALUES (1898, 'C205-4', 311);
INSERT INTO `tb_bed` VALUES (1899, 'C205-5', 311);
INSERT INTO `tb_bed` VALUES (1900, 'C205-6', 311);
INSERT INTO `tb_bed` VALUES (1901, 'C206-1', 312);
INSERT INTO `tb_bed` VALUES (1902, 'C206-2', 312);
INSERT INTO `tb_bed` VALUES (1903, 'C206-3', 312);
INSERT INTO `tb_bed` VALUES (1904, 'C206-4', 312);
INSERT INTO `tb_bed` VALUES (1905, 'C206-5', 312);
INSERT INTO `tb_bed` VALUES (1906, 'C206-6', 312);
INSERT INTO `tb_bed` VALUES (1907, 'C207-1', 313);
INSERT INTO `tb_bed` VALUES (1908, 'C207-2', 313);
INSERT INTO `tb_bed` VALUES (1909, 'C207-3', 313);
INSERT INTO `tb_bed` VALUES (1910, 'C207-4', 313);
INSERT INTO `tb_bed` VALUES (1911, 'C207-5', 313);
INSERT INTO `tb_bed` VALUES (1912, 'C207-6', 313);
INSERT INTO `tb_bed` VALUES (1913, 'C208-1', 314);
INSERT INTO `tb_bed` VALUES (1914, 'C208-2', 314);
INSERT INTO `tb_bed` VALUES (1915, 'C208-3', 314);
INSERT INTO `tb_bed` VALUES (1916, 'C208-4', 314);
INSERT INTO `tb_bed` VALUES (1917, 'C208-5', 314);
INSERT INTO `tb_bed` VALUES (1918, 'C208-6', 314);
INSERT INTO `tb_bed` VALUES (1919, 'C209-1', 315);
INSERT INTO `tb_bed` VALUES (1920, 'C209-2', 315);
INSERT INTO `tb_bed` VALUES (1921, 'C209-3', 315);
INSERT INTO `tb_bed` VALUES (1922, 'C209-4', 315);
INSERT INTO `tb_bed` VALUES (1923, 'C209-5', 315);
INSERT INTO `tb_bed` VALUES (1924, 'C209-6', 315);
INSERT INTO `tb_bed` VALUES (1925, 'C210-1', 316);
INSERT INTO `tb_bed` VALUES (1926, 'C210-2', 316);
INSERT INTO `tb_bed` VALUES (1927, 'C210-3', 316);
INSERT INTO `tb_bed` VALUES (1928, 'C210-4', 316);
INSERT INTO `tb_bed` VALUES (1929, 'C210-5', 316);
INSERT INTO `tb_bed` VALUES (1930, 'C210-6', 316);
INSERT INTO `tb_bed` VALUES (1931, 'C301-1', 317);
INSERT INTO `tb_bed` VALUES (1932, 'C301-2', 317);
INSERT INTO `tb_bed` VALUES (1933, 'C301-3', 317);
INSERT INTO `tb_bed` VALUES (1934, 'C301-4', 317);
INSERT INTO `tb_bed` VALUES (1935, 'C301-5', 317);
INSERT INTO `tb_bed` VALUES (1936, 'C301-6', 317);
INSERT INTO `tb_bed` VALUES (1937, 'C302-1', 318);
INSERT INTO `tb_bed` VALUES (1938, 'C302-2', 318);
INSERT INTO `tb_bed` VALUES (1939, 'C302-3', 318);
INSERT INTO `tb_bed` VALUES (1940, 'C302-4', 318);
INSERT INTO `tb_bed` VALUES (1941, 'C302-5', 318);
INSERT INTO `tb_bed` VALUES (1942, 'C302-6', 318);
INSERT INTO `tb_bed` VALUES (1943, 'C303-1', 319);
INSERT INTO `tb_bed` VALUES (1944, 'C303-2', 319);
INSERT INTO `tb_bed` VALUES (1945, 'C303-3', 319);
INSERT INTO `tb_bed` VALUES (1946, 'C303-4', 319);
INSERT INTO `tb_bed` VALUES (1947, 'C303-5', 319);
INSERT INTO `tb_bed` VALUES (1948, 'C303-6', 319);
INSERT INTO `tb_bed` VALUES (1949, 'C304-1', 320);
INSERT INTO `tb_bed` VALUES (1950, 'C304-2', 320);
INSERT INTO `tb_bed` VALUES (1951, 'C304-3', 320);
INSERT INTO `tb_bed` VALUES (1952, 'C304-4', 320);
INSERT INTO `tb_bed` VALUES (1953, 'C304-5', 320);
INSERT INTO `tb_bed` VALUES (1954, 'C304-6', 320);
INSERT INTO `tb_bed` VALUES (1955, 'C305-1', 321);
INSERT INTO `tb_bed` VALUES (1956, 'C305-2', 321);
INSERT INTO `tb_bed` VALUES (1957, 'C305-3', 321);
INSERT INTO `tb_bed` VALUES (1958, 'C305-4', 321);
INSERT INTO `tb_bed` VALUES (1959, 'C305-5', 321);
INSERT INTO `tb_bed` VALUES (1960, 'C305-6', 321);
INSERT INTO `tb_bed` VALUES (1961, 'C306-1', 322);
INSERT INTO `tb_bed` VALUES (1962, 'C306-2', 322);
INSERT INTO `tb_bed` VALUES (1963, 'C306-3', 322);
INSERT INTO `tb_bed` VALUES (1964, 'C306-4', 322);
INSERT INTO `tb_bed` VALUES (1965, 'C306-5', 322);
INSERT INTO `tb_bed` VALUES (1966, 'C306-6', 322);
INSERT INTO `tb_bed` VALUES (1967, 'C307-1', 323);
INSERT INTO `tb_bed` VALUES (1968, 'C307-2', 323);
INSERT INTO `tb_bed` VALUES (1969, 'C307-3', 323);
INSERT INTO `tb_bed` VALUES (1970, 'C307-4', 323);
INSERT INTO `tb_bed` VALUES (1971, 'C307-5', 323);
INSERT INTO `tb_bed` VALUES (1972, 'C307-6', 323);
INSERT INTO `tb_bed` VALUES (1973, 'C308-1', 324);
INSERT INTO `tb_bed` VALUES (1974, 'C308-2', 324);
INSERT INTO `tb_bed` VALUES (1975, 'C308-3', 324);
INSERT INTO `tb_bed` VALUES (1976, 'C308-4', 324);
INSERT INTO `tb_bed` VALUES (1977, 'C308-5', 324);
INSERT INTO `tb_bed` VALUES (1978, 'C308-6', 324);
INSERT INTO `tb_bed` VALUES (1979, 'C309-1', 325);
INSERT INTO `tb_bed` VALUES (1980, 'C309-2', 325);
INSERT INTO `tb_bed` VALUES (1981, 'C309-3', 325);
INSERT INTO `tb_bed` VALUES (1982, 'C309-4', 325);
INSERT INTO `tb_bed` VALUES (1983, 'C309-5', 325);
INSERT INTO `tb_bed` VALUES (1984, 'C309-6', 325);
INSERT INTO `tb_bed` VALUES (1985, 'C310-1', 326);
INSERT INTO `tb_bed` VALUES (1986, 'C310-2', 326);
INSERT INTO `tb_bed` VALUES (1987, 'C310-3', 326);
INSERT INTO `tb_bed` VALUES (1988, 'C310-4', 326);
INSERT INTO `tb_bed` VALUES (1989, 'C310-5', 326);
INSERT INTO `tb_bed` VALUES (1990, 'C310-6', 326);
INSERT INTO `tb_bed` VALUES (1991, 'c401-1', 327);
INSERT INTO `tb_bed` VALUES (1992, 'c401-2', 327);
INSERT INTO `tb_bed` VALUES (1993, 'c401-3', 327);
INSERT INTO `tb_bed` VALUES (1994, 'c401-4', 327);
INSERT INTO `tb_bed` VALUES (1995, 'c401-5', 327);
INSERT INTO `tb_bed` VALUES (1996, 'c401-6', 327);
INSERT INTO `tb_bed` VALUES (1997, 'c402-1', 328);
INSERT INTO `tb_bed` VALUES (1998, 'c402-2', 328);
INSERT INTO `tb_bed` VALUES (1999, 'c402-3', 328);
INSERT INTO `tb_bed` VALUES (2000, 'c402-4', 328);
INSERT INTO `tb_bed` VALUES (2001, 'c402-5', 328);
INSERT INTO `tb_bed` VALUES (2002, 'c402-6', 328);
INSERT INTO `tb_bed` VALUES (2003, 'c403-1', 329);
INSERT INTO `tb_bed` VALUES (2004, 'c403-2', 329);
INSERT INTO `tb_bed` VALUES (2005, 'c403-3', 329);
INSERT INTO `tb_bed` VALUES (2006, 'c403-4', 329);
INSERT INTO `tb_bed` VALUES (2007, 'c403-5', 329);
INSERT INTO `tb_bed` VALUES (2008, 'c403-6', 329);
INSERT INTO `tb_bed` VALUES (2009, 'c404-1', 330);
INSERT INTO `tb_bed` VALUES (2010, 'c404-2', 330);
INSERT INTO `tb_bed` VALUES (2011, 'c404-3', 330);
INSERT INTO `tb_bed` VALUES (2012, 'c404-4', 330);
INSERT INTO `tb_bed` VALUES (2013, 'c404-5', 330);
INSERT INTO `tb_bed` VALUES (2014, 'c404-6', 330);
INSERT INTO `tb_bed` VALUES (2015, 'c405-1', 331);
INSERT INTO `tb_bed` VALUES (2016, 'c405-2', 331);
INSERT INTO `tb_bed` VALUES (2017, 'c405-3', 331);
INSERT INTO `tb_bed` VALUES (2018, 'c405-4', 331);
INSERT INTO `tb_bed` VALUES (2019, 'c405-5', 331);
INSERT INTO `tb_bed` VALUES (2020, 'c405-6', 331);
INSERT INTO `tb_bed` VALUES (2021, 'c406-1', 332);
INSERT INTO `tb_bed` VALUES (2022, 'c406-2', 332);
INSERT INTO `tb_bed` VALUES (2023, 'c406-3', 332);
INSERT INTO `tb_bed` VALUES (2024, 'c406-4', 332);
INSERT INTO `tb_bed` VALUES (2025, 'c406-5', 332);
INSERT INTO `tb_bed` VALUES (2026, 'c406-6', 332);
INSERT INTO `tb_bed` VALUES (2027, 'c407-1', 333);
INSERT INTO `tb_bed` VALUES (2028, 'c407-2', 333);
INSERT INTO `tb_bed` VALUES (2029, 'c407-3', 333);
INSERT INTO `tb_bed` VALUES (2030, 'c407-4', 333);
INSERT INTO `tb_bed` VALUES (2031, 'c407-5', 333);
INSERT INTO `tb_bed` VALUES (2032, 'c407-6', 333);
INSERT INTO `tb_bed` VALUES (2033, 'c408-1', 334);
INSERT INTO `tb_bed` VALUES (2034, 'c408-2', 334);
INSERT INTO `tb_bed` VALUES (2035, 'c408-3', 334);
INSERT INTO `tb_bed` VALUES (2036, 'c408-4', 334);
INSERT INTO `tb_bed` VALUES (2037, 'c408-5', 334);
INSERT INTO `tb_bed` VALUES (2038, 'c408-6', 334);
INSERT INTO `tb_bed` VALUES (2039, 'c409-1', 335);
INSERT INTO `tb_bed` VALUES (2040, 'c409-2', 335);
INSERT INTO `tb_bed` VALUES (2041, 'c409-3', 335);
INSERT INTO `tb_bed` VALUES (2042, 'c409-4', 335);
INSERT INTO `tb_bed` VALUES (2043, 'c409-5', 335);
INSERT INTO `tb_bed` VALUES (2044, 'c409-6', 335);
INSERT INTO `tb_bed` VALUES (2045, 'c410-1', 336);
INSERT INTO `tb_bed` VALUES (2046, 'c410-2', 336);
INSERT INTO `tb_bed` VALUES (2047, 'c410-3', 336);
INSERT INTO `tb_bed` VALUES (2048, 'c410-4', 336);
INSERT INTO `tb_bed` VALUES (2049, 'c410-5', 336);
INSERT INTO `tb_bed` VALUES (2050, 'c410-6', 336);
INSERT INTO `tb_bed` VALUES (2111, 'c501-1', 347);
INSERT INTO `tb_bed` VALUES (2112, 'c501-2', 347);
INSERT INTO `tb_bed` VALUES (2113, 'c501-3', 347);
INSERT INTO `tb_bed` VALUES (2114, 'c501-4', 347);
INSERT INTO `tb_bed` VALUES (2115, 'c501-5', 347);
INSERT INTO `tb_bed` VALUES (2116, 'c501-6', 347);
INSERT INTO `tb_bed` VALUES (2117, 'c502-1', 348);
INSERT INTO `tb_bed` VALUES (2118, 'c502-2', 348);
INSERT INTO `tb_bed` VALUES (2119, 'c502-3', 348);
INSERT INTO `tb_bed` VALUES (2120, 'c502-4', 348);
INSERT INTO `tb_bed` VALUES (2121, 'c502-5', 348);
INSERT INTO `tb_bed` VALUES (2122, 'c502-6', 348);
INSERT INTO `tb_bed` VALUES (2123, 'c503-1', 349);
INSERT INTO `tb_bed` VALUES (2124, 'c503-2', 349);
INSERT INTO `tb_bed` VALUES (2125, 'c503-3', 349);
INSERT INTO `tb_bed` VALUES (2126, 'c503-4', 349);
INSERT INTO `tb_bed` VALUES (2127, 'c503-5', 349);
INSERT INTO `tb_bed` VALUES (2128, 'c503-6', 349);
INSERT INTO `tb_bed` VALUES (2129, 'c504-1', 350);
INSERT INTO `tb_bed` VALUES (2130, 'c504-2', 350);
INSERT INTO `tb_bed` VALUES (2131, 'c504-3', 350);
INSERT INTO `tb_bed` VALUES (2132, 'c504-4', 350);
INSERT INTO `tb_bed` VALUES (2133, 'c504-5', 350);
INSERT INTO `tb_bed` VALUES (2134, 'c504-6', 350);
INSERT INTO `tb_bed` VALUES (2135, 'c505-1', 351);
INSERT INTO `tb_bed` VALUES (2136, 'c505-2', 351);
INSERT INTO `tb_bed` VALUES (2137, 'c505-3', 351);
INSERT INTO `tb_bed` VALUES (2138, 'c505-4', 351);
INSERT INTO `tb_bed` VALUES (2139, 'c505-5', 351);
INSERT INTO `tb_bed` VALUES (2140, 'c505-6', 351);
INSERT INTO `tb_bed` VALUES (2141, 'c506-1', 352);
INSERT INTO `tb_bed` VALUES (2142, 'c506-2', 352);
INSERT INTO `tb_bed` VALUES (2143, 'c506-3', 352);
INSERT INTO `tb_bed` VALUES (2144, 'c506-4', 352);
INSERT INTO `tb_bed` VALUES (2145, 'c506-5', 352);
INSERT INTO `tb_bed` VALUES (2146, 'c506-6', 352);
INSERT INTO `tb_bed` VALUES (2147, 'c507-1', 353);
INSERT INTO `tb_bed` VALUES (2148, 'c507-2', 353);
INSERT INTO `tb_bed` VALUES (2149, 'c507-3', 353);
INSERT INTO `tb_bed` VALUES (2150, 'c507-4', 353);
INSERT INTO `tb_bed` VALUES (2151, 'c507-5', 353);
INSERT INTO `tb_bed` VALUES (2152, 'c507-6', 353);
INSERT INTO `tb_bed` VALUES (2153, 'c508-1', 354);
INSERT INTO `tb_bed` VALUES (2154, 'c508-2', 354);
INSERT INTO `tb_bed` VALUES (2155, 'c508-3', 354);
INSERT INTO `tb_bed` VALUES (2156, 'c508-4', 354);
INSERT INTO `tb_bed` VALUES (2157, 'c508-5', 354);
INSERT INTO `tb_bed` VALUES (2158, 'c508-6', 354);
INSERT INTO `tb_bed` VALUES (2159, 'c509-1', 355);
INSERT INTO `tb_bed` VALUES (2160, 'c509-2', 355);
INSERT INTO `tb_bed` VALUES (2161, 'c509-3', 355);
INSERT INTO `tb_bed` VALUES (2162, 'c509-4', 355);
INSERT INTO `tb_bed` VALUES (2163, 'c509-5', 355);
INSERT INTO `tb_bed` VALUES (2164, 'c509-6', 355);
INSERT INTO `tb_bed` VALUES (2165, 'c510-1', 356);
INSERT INTO `tb_bed` VALUES (2166, 'c510-2', 356);
INSERT INTO `tb_bed` VALUES (2167, 'c510-3', 356);
INSERT INTO `tb_bed` VALUES (2168, 'c510-4', 356);
INSERT INTO `tb_bed` VALUES (2169, 'c510-5', 356);
INSERT INTO `tb_bed` VALUES (2170, 'c510-6', 356);
INSERT INTO `tb_bed` VALUES (2171, 'C601-1', 357);
INSERT INTO `tb_bed` VALUES (2172, 'C601-2', 357);
INSERT INTO `tb_bed` VALUES (2173, 'C601-3', 357);
INSERT INTO `tb_bed` VALUES (2174, 'C601-4', 357);
INSERT INTO `tb_bed` VALUES (2175, 'C601-5', 357);
INSERT INTO `tb_bed` VALUES (2176, 'C601-6', 357);
INSERT INTO `tb_bed` VALUES (2177, 'C602-1', 358);
INSERT INTO `tb_bed` VALUES (2178, 'C602-2', 358);
INSERT INTO `tb_bed` VALUES (2179, 'C602-3', 358);
INSERT INTO `tb_bed` VALUES (2180, 'C602-4', 358);
INSERT INTO `tb_bed` VALUES (2181, 'C602-5', 358);
INSERT INTO `tb_bed` VALUES (2182, 'C602-6', 358);
INSERT INTO `tb_bed` VALUES (2183, 'C603-1', 359);
INSERT INTO `tb_bed` VALUES (2184, 'C603-2', 359);
INSERT INTO `tb_bed` VALUES (2185, 'C603-3', 359);
INSERT INTO `tb_bed` VALUES (2186, 'C603-4', 359);
INSERT INTO `tb_bed` VALUES (2187, 'C603-5', 359);
INSERT INTO `tb_bed` VALUES (2188, 'C603-6', 359);
INSERT INTO `tb_bed` VALUES (2189, 'C604-1', 360);
INSERT INTO `tb_bed` VALUES (2190, 'C604-2', 360);
INSERT INTO `tb_bed` VALUES (2191, 'C604-3', 360);
INSERT INTO `tb_bed` VALUES (2192, 'C604-4', 360);
INSERT INTO `tb_bed` VALUES (2193, 'C604-5', 360);
INSERT INTO `tb_bed` VALUES (2194, 'C604-6', 360);
INSERT INTO `tb_bed` VALUES (2195, 'C605-1', 361);
INSERT INTO `tb_bed` VALUES (2196, 'C605-2', 361);
INSERT INTO `tb_bed` VALUES (2197, 'C605-3', 361);
INSERT INTO `tb_bed` VALUES (2198, 'C605-4', 361);
INSERT INTO `tb_bed` VALUES (2199, 'C605-5', 361);
INSERT INTO `tb_bed` VALUES (2200, 'C605-6', 361);
INSERT INTO `tb_bed` VALUES (2201, 'C606-1', 362);
INSERT INTO `tb_bed` VALUES (2202, 'C606-2', 362);
INSERT INTO `tb_bed` VALUES (2203, 'C606-3', 362);
INSERT INTO `tb_bed` VALUES (2204, 'C606-4', 362);
INSERT INTO `tb_bed` VALUES (2205, 'C606-5', 362);
INSERT INTO `tb_bed` VALUES (2206, 'C606-6', 362);
INSERT INTO `tb_bed` VALUES (2207, 'C607-1', 363);
INSERT INTO `tb_bed` VALUES (2208, 'C607-2', 363);
INSERT INTO `tb_bed` VALUES (2209, 'C607-3', 363);
INSERT INTO `tb_bed` VALUES (2210, 'C607-4', 363);
INSERT INTO `tb_bed` VALUES (2211, 'C607-5', 363);
INSERT INTO `tb_bed` VALUES (2212, 'C607-6', 363);
INSERT INTO `tb_bed` VALUES (2213, 'C608-1', 364);
INSERT INTO `tb_bed` VALUES (2214, 'C608-2', 364);
INSERT INTO `tb_bed` VALUES (2215, 'C608-3', 364);
INSERT INTO `tb_bed` VALUES (2216, 'C608-4', 364);
INSERT INTO `tb_bed` VALUES (2217, 'C608-5', 364);
INSERT INTO `tb_bed` VALUES (2218, 'C608-6', 364);
INSERT INTO `tb_bed` VALUES (2219, 'C609-1', 365);
INSERT INTO `tb_bed` VALUES (2220, 'C609-2', 365);
INSERT INTO `tb_bed` VALUES (2221, 'C609-3', 365);
INSERT INTO `tb_bed` VALUES (2222, 'C609-4', 365);
INSERT INTO `tb_bed` VALUES (2223, 'C609-5', 365);
INSERT INTO `tb_bed` VALUES (2224, 'C609-6', 365);
INSERT INTO `tb_bed` VALUES (2225, 'C610-1', 366);
INSERT INTO `tb_bed` VALUES (2226, 'C610-2', 366);
INSERT INTO `tb_bed` VALUES (2227, 'C610-3', 366);
INSERT INTO `tb_bed` VALUES (2228, 'C610-4', 366);
INSERT INTO `tb_bed` VALUES (2229, 'C610-5', 366);
INSERT INTO `tb_bed` VALUES (2230, 'C610-6', 366);
INSERT INTO `tb_bed` VALUES (2231, 'C701-1', 367);
INSERT INTO `tb_bed` VALUES (2232, 'C701-2', 367);
INSERT INTO `tb_bed` VALUES (2233, 'C701-3', 367);
INSERT INTO `tb_bed` VALUES (2234, 'C701-4', 367);
INSERT INTO `tb_bed` VALUES (2235, 'C701-5', 367);
INSERT INTO `tb_bed` VALUES (2236, 'C701-6', 367);
INSERT INTO `tb_bed` VALUES (2237, 'C702-1', 368);
INSERT INTO `tb_bed` VALUES (2238, 'C702-2', 368);
INSERT INTO `tb_bed` VALUES (2239, 'C702-3', 368);
INSERT INTO `tb_bed` VALUES (2240, 'C702-4', 368);
INSERT INTO `tb_bed` VALUES (2241, 'C702-5', 368);
INSERT INTO `tb_bed` VALUES (2242, 'C702-6', 368);
INSERT INTO `tb_bed` VALUES (2243, 'C703-1', 369);
INSERT INTO `tb_bed` VALUES (2244, 'C703-2', 369);
INSERT INTO `tb_bed` VALUES (2245, 'C703-3', 369);
INSERT INTO `tb_bed` VALUES (2246, 'C703-4', 369);
INSERT INTO `tb_bed` VALUES (2247, 'C703-5', 369);
INSERT INTO `tb_bed` VALUES (2248, 'C703-6', 369);
INSERT INTO `tb_bed` VALUES (2249, 'C704-1', 370);
INSERT INTO `tb_bed` VALUES (2250, 'C704-2', 370);
INSERT INTO `tb_bed` VALUES (2251, 'C704-3', 370);
INSERT INTO `tb_bed` VALUES (2252, 'C704-4', 370);
INSERT INTO `tb_bed` VALUES (2253, 'C704-5', 370);
INSERT INTO `tb_bed` VALUES (2254, 'C704-6', 370);
INSERT INTO `tb_bed` VALUES (2255, 'C705-1', 371);
INSERT INTO `tb_bed` VALUES (2256, 'C705-2', 371);
INSERT INTO `tb_bed` VALUES (2257, 'C705-3', 371);
INSERT INTO `tb_bed` VALUES (2258, 'C705-4', 371);
INSERT INTO `tb_bed` VALUES (2259, 'C705-5', 371);
INSERT INTO `tb_bed` VALUES (2260, 'C705-6', 371);
INSERT INTO `tb_bed` VALUES (2261, 'C706-1', 372);
INSERT INTO `tb_bed` VALUES (2262, 'C706-2', 372);
INSERT INTO `tb_bed` VALUES (2263, 'C706-3', 372);
INSERT INTO `tb_bed` VALUES (2264, 'C706-4', 372);
INSERT INTO `tb_bed` VALUES (2265, 'C706-5', 372);
INSERT INTO `tb_bed` VALUES (2266, 'C706-6', 372);
INSERT INTO `tb_bed` VALUES (2267, 'C707-1', 373);
INSERT INTO `tb_bed` VALUES (2268, 'C707-2', 373);
INSERT INTO `tb_bed` VALUES (2269, 'C707-3', 373);
INSERT INTO `tb_bed` VALUES (2270, 'C707-4', 373);
INSERT INTO `tb_bed` VALUES (2271, 'C707-5', 373);
INSERT INTO `tb_bed` VALUES (2272, 'C707-6', 373);
INSERT INTO `tb_bed` VALUES (2273, 'C708-1', 374);
INSERT INTO `tb_bed` VALUES (2274, 'C708-2', 374);
INSERT INTO `tb_bed` VALUES (2275, 'C708-3', 374);
INSERT INTO `tb_bed` VALUES (2276, 'C708-4', 374);
INSERT INTO `tb_bed` VALUES (2277, 'C708-5', 374);
INSERT INTO `tb_bed` VALUES (2278, 'C708-6', 374);
INSERT INTO `tb_bed` VALUES (2279, 'C709-1', 375);
INSERT INTO `tb_bed` VALUES (2280, 'C709-2', 375);
INSERT INTO `tb_bed` VALUES (2281, 'C709-3', 375);
INSERT INTO `tb_bed` VALUES (2282, 'C709-4', 375);
INSERT INTO `tb_bed` VALUES (2283, 'C709-5', 375);
INSERT INTO `tb_bed` VALUES (2284, 'C709-6', 375);
INSERT INTO `tb_bed` VALUES (2285, 'C710-1', 376);
INSERT INTO `tb_bed` VALUES (2286, 'C710-2', 376);
INSERT INTO `tb_bed` VALUES (2287, 'C710-3', 376);
INSERT INTO `tb_bed` VALUES (2288, 'C710-4', 376);
INSERT INTO `tb_bed` VALUES (2289, 'C710-5', 376);
INSERT INTO `tb_bed` VALUES (2290, 'C710-6', 376);
INSERT INTO `tb_bed` VALUES (2291, 'C801-1', 377);
INSERT INTO `tb_bed` VALUES (2292, 'C801-2', 377);
INSERT INTO `tb_bed` VALUES (2293, 'C801-3', 377);
INSERT INTO `tb_bed` VALUES (2294, 'C801-4', 377);
INSERT INTO `tb_bed` VALUES (2295, 'C801-5', 377);
INSERT INTO `tb_bed` VALUES (2296, 'C801-6', 377);
INSERT INTO `tb_bed` VALUES (2297, 'C802-1', 378);
INSERT INTO `tb_bed` VALUES (2298, 'C802-2', 378);
INSERT INTO `tb_bed` VALUES (2299, 'C802-3', 378);
INSERT INTO `tb_bed` VALUES (2300, 'C802-4', 378);
INSERT INTO `tb_bed` VALUES (2301, 'C802-5', 378);
INSERT INTO `tb_bed` VALUES (2302, 'C802-6', 378);
INSERT INTO `tb_bed` VALUES (2303, 'C803-1', 379);
INSERT INTO `tb_bed` VALUES (2304, 'C803-2', 379);
INSERT INTO `tb_bed` VALUES (2305, 'C803-3', 379);
INSERT INTO `tb_bed` VALUES (2306, 'C803-4', 379);
INSERT INTO `tb_bed` VALUES (2307, 'C803-5', 379);
INSERT INTO `tb_bed` VALUES (2308, 'C803-6', 379);
INSERT INTO `tb_bed` VALUES (2309, 'C804-1', 380);
INSERT INTO `tb_bed` VALUES (2310, 'C804-2', 380);
INSERT INTO `tb_bed` VALUES (2311, 'C804-3', 380);
INSERT INTO `tb_bed` VALUES (2312, 'C804-4', 380);
INSERT INTO `tb_bed` VALUES (2313, 'C804-5', 380);
INSERT INTO `tb_bed` VALUES (2314, 'C804-6', 380);
INSERT INTO `tb_bed` VALUES (2315, 'C805-1', 381);
INSERT INTO `tb_bed` VALUES (2316, 'C805-2', 381);
INSERT INTO `tb_bed` VALUES (2317, 'C805-3', 381);
INSERT INTO `tb_bed` VALUES (2318, 'C805-4', 381);
INSERT INTO `tb_bed` VALUES (2319, 'C805-5', 381);
INSERT INTO `tb_bed` VALUES (2320, 'C805-6', 381);
INSERT INTO `tb_bed` VALUES (2321, 'C806-1', 382);
INSERT INTO `tb_bed` VALUES (2322, 'C806-2', 382);
INSERT INTO `tb_bed` VALUES (2323, 'C806-3', 382);
INSERT INTO `tb_bed` VALUES (2324, 'C806-4', 382);
INSERT INTO `tb_bed` VALUES (2325, 'C806-5', 382);
INSERT INTO `tb_bed` VALUES (2326, 'C806-6', 382);
INSERT INTO `tb_bed` VALUES (2327, 'C807-1', 383);
INSERT INTO `tb_bed` VALUES (2328, 'C807-2', 383);
INSERT INTO `tb_bed` VALUES (2329, 'C807-3', 383);
INSERT INTO `tb_bed` VALUES (2330, 'C807-4', 383);
INSERT INTO `tb_bed` VALUES (2331, 'C807-5', 383);
INSERT INTO `tb_bed` VALUES (2332, 'C807-6', 383);
INSERT INTO `tb_bed` VALUES (2333, 'C808-1', 384);
INSERT INTO `tb_bed` VALUES (2334, 'C808-2', 384);
INSERT INTO `tb_bed` VALUES (2335, 'C808-3', 384);
INSERT INTO `tb_bed` VALUES (2336, 'C808-4', 384);
INSERT INTO `tb_bed` VALUES (2337, 'C808-5', 384);
INSERT INTO `tb_bed` VALUES (2338, 'C808-6', 384);
INSERT INTO `tb_bed` VALUES (2339, 'C809-1', 385);
INSERT INTO `tb_bed` VALUES (2340, 'C809-2', 385);
INSERT INTO `tb_bed` VALUES (2341, 'C809-3', 385);
INSERT INTO `tb_bed` VALUES (2342, 'C809-4', 385);
INSERT INTO `tb_bed` VALUES (2343, 'C809-5', 385);
INSERT INTO `tb_bed` VALUES (2344, 'C809-6', 385);
INSERT INTO `tb_bed` VALUES (2345, 'C810-1', 386);
INSERT INTO `tb_bed` VALUES (2346, 'C810-2', 386);
INSERT INTO `tb_bed` VALUES (2347, 'C810-3', 386);
INSERT INTO `tb_bed` VALUES (2348, 'C810-4', 386);
INSERT INTO `tb_bed` VALUES (2349, 'C810-5', 386);
INSERT INTO `tb_bed` VALUES (2350, 'C810-6', 386);
INSERT INTO `tb_bed` VALUES (2351, 'C901-1', 387);
INSERT INTO `tb_bed` VALUES (2352, 'C901-2', 387);
INSERT INTO `tb_bed` VALUES (2353, 'C901-3', 387);
INSERT INTO `tb_bed` VALUES (2354, 'C901-4', 387);
INSERT INTO `tb_bed` VALUES (2355, 'C901-5', 387);
INSERT INTO `tb_bed` VALUES (2356, 'C901-6', 387);
INSERT INTO `tb_bed` VALUES (2357, 'C902-1', 388);
INSERT INTO `tb_bed` VALUES (2358, 'C902-2', 388);
INSERT INTO `tb_bed` VALUES (2359, 'C902-3', 388);
INSERT INTO `tb_bed` VALUES (2360, 'C902-4', 388);
INSERT INTO `tb_bed` VALUES (2361, 'C902-5', 388);
INSERT INTO `tb_bed` VALUES (2362, 'C902-6', 388);
INSERT INTO `tb_bed` VALUES (2363, 'C903-1', 389);
INSERT INTO `tb_bed` VALUES (2364, 'C903-2', 389);
INSERT INTO `tb_bed` VALUES (2365, 'C903-3', 389);
INSERT INTO `tb_bed` VALUES (2366, 'C903-4', 389);
INSERT INTO `tb_bed` VALUES (2367, 'C903-5', 389);
INSERT INTO `tb_bed` VALUES (2368, 'C903-6', 389);
INSERT INTO `tb_bed` VALUES (2369, 'C904-1', 390);
INSERT INTO `tb_bed` VALUES (2370, 'C904-2', 390);
INSERT INTO `tb_bed` VALUES (2371, 'C904-3', 390);
INSERT INTO `tb_bed` VALUES (2372, 'C904-4', 390);
INSERT INTO `tb_bed` VALUES (2373, 'C904-5', 390);
INSERT INTO `tb_bed` VALUES (2374, 'C904-6', 390);
INSERT INTO `tb_bed` VALUES (2375, 'C905-1', 391);
INSERT INTO `tb_bed` VALUES (2376, 'C905-2', 391);
INSERT INTO `tb_bed` VALUES (2377, 'C905-3', 391);
INSERT INTO `tb_bed` VALUES (2378, 'C905-4', 391);
INSERT INTO `tb_bed` VALUES (2379, 'C905-5', 391);
INSERT INTO `tb_bed` VALUES (2380, 'C905-6', 391);
INSERT INTO `tb_bed` VALUES (2381, 'C906-1', 392);
INSERT INTO `tb_bed` VALUES (2382, 'C906-2', 392);
INSERT INTO `tb_bed` VALUES (2383, 'C906-3', 392);
INSERT INTO `tb_bed` VALUES (2384, 'C906-4', 392);
INSERT INTO `tb_bed` VALUES (2385, 'C906-5', 392);
INSERT INTO `tb_bed` VALUES (2386, 'C906-6', 392);
INSERT INTO `tb_bed` VALUES (2387, 'C907-1', 393);
INSERT INTO `tb_bed` VALUES (2388, 'C907-2', 393);
INSERT INTO `tb_bed` VALUES (2389, 'C907-3', 393);
INSERT INTO `tb_bed` VALUES (2390, 'C907-4', 393);
INSERT INTO `tb_bed` VALUES (2391, 'C907-5', 393);
INSERT INTO `tb_bed` VALUES (2392, 'C907-6', 393);
INSERT INTO `tb_bed` VALUES (2393, 'C908-1', 394);
INSERT INTO `tb_bed` VALUES (2394, 'C908-2', 394);
INSERT INTO `tb_bed` VALUES (2395, 'C908-3', 394);
INSERT INTO `tb_bed` VALUES (2396, 'C908-4', 394);
INSERT INTO `tb_bed` VALUES (2397, 'C908-5', 394);
INSERT INTO `tb_bed` VALUES (2398, 'C908-6', 394);
INSERT INTO `tb_bed` VALUES (2399, 'C909-1', 395);
INSERT INTO `tb_bed` VALUES (2400, 'C909-2', 395);
INSERT INTO `tb_bed` VALUES (2401, 'C909-3', 395);
INSERT INTO `tb_bed` VALUES (2402, 'C909-4', 395);
INSERT INTO `tb_bed` VALUES (2403, 'C909-5', 395);
INSERT INTO `tb_bed` VALUES (2404, 'C909-6', 395);
INSERT INTO `tb_bed` VALUES (2405, 'C910-1', 396);
INSERT INTO `tb_bed` VALUES (2406, 'C910-2', 396);
INSERT INTO `tb_bed` VALUES (2407, 'C910-3', 396);
INSERT INTO `tb_bed` VALUES (2408, 'C910-4', 396);
INSERT INTO `tb_bed` VALUES (2409, 'C910-5', 396);
INSERT INTO `tb_bed` VALUES (2410, 'C910-6', 396);
INSERT INTO `tb_bed` VALUES (2411, 'C1001-1', 397);
INSERT INTO `tb_bed` VALUES (2412, 'C1001-2', 397);
INSERT INTO `tb_bed` VALUES (2413, 'C1001-3', 397);
INSERT INTO `tb_bed` VALUES (2414, 'C1001-4', 397);
INSERT INTO `tb_bed` VALUES (2415, 'C1001-5', 397);
INSERT INTO `tb_bed` VALUES (2416, 'C1001-6', 397);
INSERT INTO `tb_bed` VALUES (2417, 'C1002-1', 398);
INSERT INTO `tb_bed` VALUES (2418, 'C1002-2', 398);
INSERT INTO `tb_bed` VALUES (2419, 'C1002-3', 398);
INSERT INTO `tb_bed` VALUES (2420, 'C1002-4', 398);
INSERT INTO `tb_bed` VALUES (2421, 'C1002-5', 398);
INSERT INTO `tb_bed` VALUES (2422, 'C1002-6', 398);
INSERT INTO `tb_bed` VALUES (2423, 'C1003-1', 399);
INSERT INTO `tb_bed` VALUES (2424, 'C1003-2', 399);
INSERT INTO `tb_bed` VALUES (2425, 'C1003-3', 399);
INSERT INTO `tb_bed` VALUES (2426, 'C1003-4', 399);
INSERT INTO `tb_bed` VALUES (2427, 'C1003-5', 399);
INSERT INTO `tb_bed` VALUES (2428, 'C1003-6', 399);
INSERT INTO `tb_bed` VALUES (2429, 'C1004-1', 400);
INSERT INTO `tb_bed` VALUES (2430, 'C1004-2', 400);
INSERT INTO `tb_bed` VALUES (2431, 'C1004-3', 400);
INSERT INTO `tb_bed` VALUES (2432, 'C1004-4', 400);
INSERT INTO `tb_bed` VALUES (2433, 'C1004-5', 400);
INSERT INTO `tb_bed` VALUES (2434, 'C1004-6', 400);
INSERT INTO `tb_bed` VALUES (2435, 'C1005-1', 401);
INSERT INTO `tb_bed` VALUES (2436, 'C1005-2', 401);
INSERT INTO `tb_bed` VALUES (2437, 'C1005-3', 401);
INSERT INTO `tb_bed` VALUES (2438, 'C1005-4', 401);
INSERT INTO `tb_bed` VALUES (2439, 'C1005-5', 401);
INSERT INTO `tb_bed` VALUES (2440, 'C1005-6', 401);
INSERT INTO `tb_bed` VALUES (2441, 'C1006-1', 402);
INSERT INTO `tb_bed` VALUES (2442, 'C1006-2', 402);
INSERT INTO `tb_bed` VALUES (2443, 'C1006-3', 402);
INSERT INTO `tb_bed` VALUES (2444, 'C1006-4', 402);
INSERT INTO `tb_bed` VALUES (2445, 'C1006-5', 402);
INSERT INTO `tb_bed` VALUES (2446, 'C1006-6', 402);
INSERT INTO `tb_bed` VALUES (2447, 'C1007-1', 403);
INSERT INTO `tb_bed` VALUES (2448, 'C1007-2', 403);
INSERT INTO `tb_bed` VALUES (2449, 'C1007-3', 403);
INSERT INTO `tb_bed` VALUES (2450, 'C1007-4', 403);
INSERT INTO `tb_bed` VALUES (2451, 'C1007-5', 403);
INSERT INTO `tb_bed` VALUES (2452, 'C1007-6', 403);
INSERT INTO `tb_bed` VALUES (2453, 'C1008-1', 404);
INSERT INTO `tb_bed` VALUES (2454, 'C1008-2', 404);
INSERT INTO `tb_bed` VALUES (2455, 'C1008-3', 404);
INSERT INTO `tb_bed` VALUES (2456, 'C1008-4', 404);
INSERT INTO `tb_bed` VALUES (2457, 'C1008-5', 404);
INSERT INTO `tb_bed` VALUES (2458, 'C1008-6', 404);
INSERT INTO `tb_bed` VALUES (2459, 'C1009-1', 405);
INSERT INTO `tb_bed` VALUES (2460, 'C1009-2', 405);
INSERT INTO `tb_bed` VALUES (2461, 'C1009-3', 405);
INSERT INTO `tb_bed` VALUES (2462, 'C1009-4', 405);
INSERT INTO `tb_bed` VALUES (2463, 'C1009-5', 405);
INSERT INTO `tb_bed` VALUES (2464, 'C1009-6', 405);
INSERT INTO `tb_bed` VALUES (2465, 'C1010-1', 406);
INSERT INTO `tb_bed` VALUES (2466, 'C1010-2', 406);
INSERT INTO `tb_bed` VALUES (2467, 'C1010-3', 406);
INSERT INTO `tb_bed` VALUES (2468, 'C1010-4', 406);
INSERT INTO `tb_bed` VALUES (2469, 'C1010-5', 406);
INSERT INTO `tb_bed` VALUES (2470, 'C1010-6', 406);
INSERT INTO `tb_bed` VALUES (2471, 'D101-1', 407);
INSERT INTO `tb_bed` VALUES (2472, 'D101-2', 407);
INSERT INTO `tb_bed` VALUES (2473, 'D101-3', 407);
INSERT INTO `tb_bed` VALUES (2474, 'D101-4', 407);
INSERT INTO `tb_bed` VALUES (2475, 'D101-5', 407);
INSERT INTO `tb_bed` VALUES (2476, 'D101-6', 407);
INSERT INTO `tb_bed` VALUES (2477, 'D102-1', 408);
INSERT INTO `tb_bed` VALUES (2478, 'D102-2', 408);
INSERT INTO `tb_bed` VALUES (2479, 'D102-3', 408);
INSERT INTO `tb_bed` VALUES (2480, 'D102-4', 408);
INSERT INTO `tb_bed` VALUES (2481, 'D102-5', 408);
INSERT INTO `tb_bed` VALUES (2482, 'D102-6', 408);
INSERT INTO `tb_bed` VALUES (2483, 'D103-1', 409);
INSERT INTO `tb_bed` VALUES (2484, 'D103-2', 409);
INSERT INTO `tb_bed` VALUES (2485, 'D103-3', 409);
INSERT INTO `tb_bed` VALUES (2486, 'D103-4', 409);
INSERT INTO `tb_bed` VALUES (2487, 'D103-5', 409);
INSERT INTO `tb_bed` VALUES (2488, 'D103-6', 409);
INSERT INTO `tb_bed` VALUES (2489, 'D104-1', 410);
INSERT INTO `tb_bed` VALUES (2490, 'D104-2', 410);
INSERT INTO `tb_bed` VALUES (2491, 'D104-3', 410);
INSERT INTO `tb_bed` VALUES (2492, 'D104-4', 410);
INSERT INTO `tb_bed` VALUES (2493, 'D104-5', 410);
INSERT INTO `tb_bed` VALUES (2494, 'D104-6', 410);
INSERT INTO `tb_bed` VALUES (2495, 'D105-1', 411);
INSERT INTO `tb_bed` VALUES (2496, 'D105-2', 411);
INSERT INTO `tb_bed` VALUES (2497, 'D105-3', 411);
INSERT INTO `tb_bed` VALUES (2498, 'D105-4', 411);
INSERT INTO `tb_bed` VALUES (2499, 'D105-5', 411);
INSERT INTO `tb_bed` VALUES (2500, 'D105-6', 411);
INSERT INTO `tb_bed` VALUES (2501, 'D106-1', 412);
INSERT INTO `tb_bed` VALUES (2502, 'D106-2', 412);
INSERT INTO `tb_bed` VALUES (2503, 'D106-3', 412);
INSERT INTO `tb_bed` VALUES (2504, 'D106-4', 412);
INSERT INTO `tb_bed` VALUES (2505, 'D106-5', 412);
INSERT INTO `tb_bed` VALUES (2506, 'D106-6', 412);
INSERT INTO `tb_bed` VALUES (2507, 'D107-1', 413);
INSERT INTO `tb_bed` VALUES (2508, 'D107-2', 413);
INSERT INTO `tb_bed` VALUES (2509, 'D107-3', 413);
INSERT INTO `tb_bed` VALUES (2510, 'D107-4', 413);
INSERT INTO `tb_bed` VALUES (2511, 'D107-5', 413);
INSERT INTO `tb_bed` VALUES (2512, 'D107-6', 413);
INSERT INTO `tb_bed` VALUES (2513, 'D108-1', 414);
INSERT INTO `tb_bed` VALUES (2514, 'D108-2', 414);
INSERT INTO `tb_bed` VALUES (2515, 'D108-3', 414);
INSERT INTO `tb_bed` VALUES (2516, 'D108-4', 414);
INSERT INTO `tb_bed` VALUES (2517, 'D108-5', 414);
INSERT INTO `tb_bed` VALUES (2518, 'D108-6', 414);
INSERT INTO `tb_bed` VALUES (2519, 'D109-1', 415);
INSERT INTO `tb_bed` VALUES (2520, 'D109-2', 415);
INSERT INTO `tb_bed` VALUES (2521, 'D109-3', 415);
INSERT INTO `tb_bed` VALUES (2522, 'D109-4', 415);
INSERT INTO `tb_bed` VALUES (2523, 'D109-5', 415);
INSERT INTO `tb_bed` VALUES (2524, 'D109-6', 415);
INSERT INTO `tb_bed` VALUES (2525, 'D110-1', 416);
INSERT INTO `tb_bed` VALUES (2526, 'D110-2', 416);
INSERT INTO `tb_bed` VALUES (2527, 'D110-3', 416);
INSERT INTO `tb_bed` VALUES (2528, 'D110-4', 416);
INSERT INTO `tb_bed` VALUES (2529, 'D110-5', 416);
INSERT INTO `tb_bed` VALUES (2530, 'D110-6', 416);
INSERT INTO `tb_bed` VALUES (2531, 'D201-1', 417);
INSERT INTO `tb_bed` VALUES (2532, 'D201-2', 417);
INSERT INTO `tb_bed` VALUES (2533, 'D201-3', 417);
INSERT INTO `tb_bed` VALUES (2534, 'D201-4', 417);
INSERT INTO `tb_bed` VALUES (2535, 'D201-5', 417);
INSERT INTO `tb_bed` VALUES (2536, 'D201-6', 417);
INSERT INTO `tb_bed` VALUES (2537, 'D202-1', 418);
INSERT INTO `tb_bed` VALUES (2538, 'D202-2', 418);
INSERT INTO `tb_bed` VALUES (2539, 'D202-3', 418);
INSERT INTO `tb_bed` VALUES (2540, 'D202-4', 418);
INSERT INTO `tb_bed` VALUES (2541, 'D202-5', 418);
INSERT INTO `tb_bed` VALUES (2542, 'D202-6', 418);
INSERT INTO `tb_bed` VALUES (2543, 'D203-1', 419);
INSERT INTO `tb_bed` VALUES (2544, 'D203-2', 419);
INSERT INTO `tb_bed` VALUES (2545, 'D203-3', 419);
INSERT INTO `tb_bed` VALUES (2546, 'D203-4', 419);
INSERT INTO `tb_bed` VALUES (2547, 'D203-5', 419);
INSERT INTO `tb_bed` VALUES (2548, 'D203-6', 419);
INSERT INTO `tb_bed` VALUES (2549, 'D204-1', 420);
INSERT INTO `tb_bed` VALUES (2550, 'D204-2', 420);
INSERT INTO `tb_bed` VALUES (2551, 'D204-3', 420);
INSERT INTO `tb_bed` VALUES (2552, 'D204-4', 420);
INSERT INTO `tb_bed` VALUES (2553, 'D204-5', 420);
INSERT INTO `tb_bed` VALUES (2554, 'D204-6', 420);
INSERT INTO `tb_bed` VALUES (2555, 'D205-1', 421);
INSERT INTO `tb_bed` VALUES (2556, 'D205-2', 421);
INSERT INTO `tb_bed` VALUES (2557, 'D205-3', 421);
INSERT INTO `tb_bed` VALUES (2558, 'D205-4', 421);
INSERT INTO `tb_bed` VALUES (2559, 'D205-5', 421);
INSERT INTO `tb_bed` VALUES (2560, 'D205-6', 421);
INSERT INTO `tb_bed` VALUES (2561, 'D206-1', 422);
INSERT INTO `tb_bed` VALUES (2562, 'D206-2', 422);
INSERT INTO `tb_bed` VALUES (2563, 'D206-3', 422);
INSERT INTO `tb_bed` VALUES (2564, 'D206-4', 422);
INSERT INTO `tb_bed` VALUES (2565, 'D206-5', 422);
INSERT INTO `tb_bed` VALUES (2566, 'D206-6', 422);
INSERT INTO `tb_bed` VALUES (2567, 'D207-1', 423);
INSERT INTO `tb_bed` VALUES (2568, 'D207-2', 423);
INSERT INTO `tb_bed` VALUES (2569, 'D207-3', 423);
INSERT INTO `tb_bed` VALUES (2570, 'D207-4', 423);
INSERT INTO `tb_bed` VALUES (2571, 'D207-5', 423);
INSERT INTO `tb_bed` VALUES (2572, 'D207-6', 423);
INSERT INTO `tb_bed` VALUES (2573, 'D208-1', 424);
INSERT INTO `tb_bed` VALUES (2574, 'D208-2', 424);
INSERT INTO `tb_bed` VALUES (2575, 'D208-3', 424);
INSERT INTO `tb_bed` VALUES (2576, 'D208-4', 424);
INSERT INTO `tb_bed` VALUES (2577, 'D208-5', 424);
INSERT INTO `tb_bed` VALUES (2578, 'D208-6', 424);
INSERT INTO `tb_bed` VALUES (2579, 'D209-1', 425);
INSERT INTO `tb_bed` VALUES (2580, 'D209-2', 425);
INSERT INTO `tb_bed` VALUES (2581, 'D209-3', 425);
INSERT INTO `tb_bed` VALUES (2582, 'D209-4', 425);
INSERT INTO `tb_bed` VALUES (2583, 'D209-5', 425);
INSERT INTO `tb_bed` VALUES (2584, 'D209-6', 425);
INSERT INTO `tb_bed` VALUES (2585, 'D210-1', 426);
INSERT INTO `tb_bed` VALUES (2586, 'D210-2', 426);
INSERT INTO `tb_bed` VALUES (2587, 'D210-3', 426);
INSERT INTO `tb_bed` VALUES (2588, 'D210-4', 426);
INSERT INTO `tb_bed` VALUES (2589, 'D210-5', 426);
INSERT INTO `tb_bed` VALUES (2590, 'D210-6', 426);
INSERT INTO `tb_bed` VALUES (2591, 'D301-1', 427);
INSERT INTO `tb_bed` VALUES (2592, 'D301-2', 427);
INSERT INTO `tb_bed` VALUES (2593, 'D301-3', 427);
INSERT INTO `tb_bed` VALUES (2594, 'D301-4', 427);
INSERT INTO `tb_bed` VALUES (2595, 'D301-5', 427);
INSERT INTO `tb_bed` VALUES (2596, 'D301-6', 427);
INSERT INTO `tb_bed` VALUES (2597, 'D302-1', 428);
INSERT INTO `tb_bed` VALUES (2598, 'D302-2', 428);
INSERT INTO `tb_bed` VALUES (2599, 'D302-3', 428);
INSERT INTO `tb_bed` VALUES (2600, 'D302-4', 428);
INSERT INTO `tb_bed` VALUES (2601, 'D302-5', 428);
INSERT INTO `tb_bed` VALUES (2602, 'D302-6', 428);
INSERT INTO `tb_bed` VALUES (2603, 'D303-1', 429);
INSERT INTO `tb_bed` VALUES (2604, 'D303-2', 429);
INSERT INTO `tb_bed` VALUES (2605, 'D303-3', 429);
INSERT INTO `tb_bed` VALUES (2606, 'D303-4', 429);
INSERT INTO `tb_bed` VALUES (2607, 'D303-5', 429);
INSERT INTO `tb_bed` VALUES (2608, 'D303-6', 429);
INSERT INTO `tb_bed` VALUES (2609, 'D304-1', 430);
INSERT INTO `tb_bed` VALUES (2610, 'D304-2', 430);
INSERT INTO `tb_bed` VALUES (2611, 'D304-3', 430);
INSERT INTO `tb_bed` VALUES (2612, 'D304-4', 430);
INSERT INTO `tb_bed` VALUES (2613, 'D304-5', 430);
INSERT INTO `tb_bed` VALUES (2614, 'D304-6', 430);
INSERT INTO `tb_bed` VALUES (2615, 'D305-1', 431);
INSERT INTO `tb_bed` VALUES (2616, 'D305-2', 431);
INSERT INTO `tb_bed` VALUES (2617, 'D305-3', 431);
INSERT INTO `tb_bed` VALUES (2618, 'D305-4', 431);
INSERT INTO `tb_bed` VALUES (2619, 'D305-5', 431);
INSERT INTO `tb_bed` VALUES (2620, 'D305-6', 431);
INSERT INTO `tb_bed` VALUES (2621, 'D306-1', 432);
INSERT INTO `tb_bed` VALUES (2622, 'D306-2', 432);
INSERT INTO `tb_bed` VALUES (2623, 'D306-3', 432);
INSERT INTO `tb_bed` VALUES (2624, 'D306-4', 432);
INSERT INTO `tb_bed` VALUES (2625, 'D306-5', 432);
INSERT INTO `tb_bed` VALUES (2626, 'D306-6', 432);
INSERT INTO `tb_bed` VALUES (2627, 'D307-1', 433);
INSERT INTO `tb_bed` VALUES (2628, 'D307-2', 433);
INSERT INTO `tb_bed` VALUES (2629, 'D307-3', 433);
INSERT INTO `tb_bed` VALUES (2630, 'D307-4', 433);
INSERT INTO `tb_bed` VALUES (2631, 'D307-5', 433);
INSERT INTO `tb_bed` VALUES (2632, 'D307-6', 433);
INSERT INTO `tb_bed` VALUES (2633, 'D308-1', 434);
INSERT INTO `tb_bed` VALUES (2634, 'D308-2', 434);
INSERT INTO `tb_bed` VALUES (2635, 'D308-3', 434);
INSERT INTO `tb_bed` VALUES (2636, 'D308-4', 434);
INSERT INTO `tb_bed` VALUES (2637, 'D308-5', 434);
INSERT INTO `tb_bed` VALUES (2638, 'D308-6', 434);
INSERT INTO `tb_bed` VALUES (2639, 'D309-1', 435);
INSERT INTO `tb_bed` VALUES (2640, 'D309-2', 435);
INSERT INTO `tb_bed` VALUES (2641, 'D309-3', 435);
INSERT INTO `tb_bed` VALUES (2642, 'D309-4', 435);
INSERT INTO `tb_bed` VALUES (2643, 'D309-5', 435);
INSERT INTO `tb_bed` VALUES (2644, 'D309-6', 435);
INSERT INTO `tb_bed` VALUES (2645, 'D310-1', 436);
INSERT INTO `tb_bed` VALUES (2646, 'D310-2', 436);
INSERT INTO `tb_bed` VALUES (2647, 'D310-3', 436);
INSERT INTO `tb_bed` VALUES (2648, 'D310-4', 436);
INSERT INTO `tb_bed` VALUES (2649, 'D310-5', 436);
INSERT INTO `tb_bed` VALUES (2650, 'D310-6', 436);
INSERT INTO `tb_bed` VALUES (2651, 'D401-1', 437);
INSERT INTO `tb_bed` VALUES (2652, 'D401-2', 437);
INSERT INTO `tb_bed` VALUES (2653, 'D401-3', 437);
INSERT INTO `tb_bed` VALUES (2654, 'D401-4', 437);
INSERT INTO `tb_bed` VALUES (2655, 'D401-5', 437);
INSERT INTO `tb_bed` VALUES (2656, 'D401-6', 437);
INSERT INTO `tb_bed` VALUES (2657, 'D402-1', 438);
INSERT INTO `tb_bed` VALUES (2658, 'D402-2', 438);
INSERT INTO `tb_bed` VALUES (2659, 'D402-3', 438);
INSERT INTO `tb_bed` VALUES (2660, 'D402-4', 438);
INSERT INTO `tb_bed` VALUES (2661, 'D402-5', 438);
INSERT INTO `tb_bed` VALUES (2662, 'D402-6', 438);
INSERT INTO `tb_bed` VALUES (2663, 'D403-1', 439);
INSERT INTO `tb_bed` VALUES (2664, 'D403-2', 439);
INSERT INTO `tb_bed` VALUES (2665, 'D403-3', 439);
INSERT INTO `tb_bed` VALUES (2666, 'D403-4', 439);
INSERT INTO `tb_bed` VALUES (2667, 'D403-5', 439);
INSERT INTO `tb_bed` VALUES (2668, 'D403-6', 439);
INSERT INTO `tb_bed` VALUES (2669, 'D404-1', 440);
INSERT INTO `tb_bed` VALUES (2670, 'D404-2', 440);
INSERT INTO `tb_bed` VALUES (2671, 'D404-3', 440);
INSERT INTO `tb_bed` VALUES (2672, 'D404-4', 440);
INSERT INTO `tb_bed` VALUES (2673, 'D404-5', 440);
INSERT INTO `tb_bed` VALUES (2674, 'D404-6', 440);
INSERT INTO `tb_bed` VALUES (2675, 'D405-1', 441);
INSERT INTO `tb_bed` VALUES (2676, 'D405-2', 441);
INSERT INTO `tb_bed` VALUES (2677, 'D405-3', 441);
INSERT INTO `tb_bed` VALUES (2678, 'D405-4', 441);
INSERT INTO `tb_bed` VALUES (2679, 'D405-5', 441);
INSERT INTO `tb_bed` VALUES (2680, 'D405-6', 441);
INSERT INTO `tb_bed` VALUES (2681, 'D406-1', 442);
INSERT INTO `tb_bed` VALUES (2682, 'D406-2', 442);
INSERT INTO `tb_bed` VALUES (2683, 'D406-3', 442);
INSERT INTO `tb_bed` VALUES (2684, 'D406-4', 442);
INSERT INTO `tb_bed` VALUES (2685, 'D406-5', 442);
INSERT INTO `tb_bed` VALUES (2686, 'D406-6', 442);
INSERT INTO `tb_bed` VALUES (2687, 'D407-1', 443);
INSERT INTO `tb_bed` VALUES (2688, 'D407-2', 443);
INSERT INTO `tb_bed` VALUES (2689, 'D407-3', 443);
INSERT INTO `tb_bed` VALUES (2690, 'D407-4', 443);
INSERT INTO `tb_bed` VALUES (2691, 'D407-5', 443);
INSERT INTO `tb_bed` VALUES (2692, 'D407-6', 443);
INSERT INTO `tb_bed` VALUES (2693, 'D408-1', 444);
INSERT INTO `tb_bed` VALUES (2694, 'D408-2', 444);
INSERT INTO `tb_bed` VALUES (2695, 'D408-3', 444);
INSERT INTO `tb_bed` VALUES (2696, 'D408-4', 444);
INSERT INTO `tb_bed` VALUES (2697, 'D408-5', 444);
INSERT INTO `tb_bed` VALUES (2698, 'D408-6', 444);
INSERT INTO `tb_bed` VALUES (2699, 'D409-1', 445);
INSERT INTO `tb_bed` VALUES (2700, 'D409-2', 445);
INSERT INTO `tb_bed` VALUES (2701, 'D409-3', 445);
INSERT INTO `tb_bed` VALUES (2702, 'D409-4', 445);
INSERT INTO `tb_bed` VALUES (2703, 'D409-5', 445);
INSERT INTO `tb_bed` VALUES (2704, 'D409-6', 445);
INSERT INTO `tb_bed` VALUES (2705, 'D410-1', 446);
INSERT INTO `tb_bed` VALUES (2706, 'D410-2', 446);
INSERT INTO `tb_bed` VALUES (2707, 'D410-3', 446);
INSERT INTO `tb_bed` VALUES (2708, 'D410-4', 446);
INSERT INTO `tb_bed` VALUES (2709, 'D410-5', 446);
INSERT INTO `tb_bed` VALUES (2710, 'D410-6', 446);
INSERT INTO `tb_bed` VALUES (2711, 'D501-1', 447);
INSERT INTO `tb_bed` VALUES (2712, 'D501-2', 447);
INSERT INTO `tb_bed` VALUES (2713, 'D501-3', 447);
INSERT INTO `tb_bed` VALUES (2714, 'D501-4', 447);
INSERT INTO `tb_bed` VALUES (2715, 'D501-5', 447);
INSERT INTO `tb_bed` VALUES (2716, 'D501-6', 447);
INSERT INTO `tb_bed` VALUES (2717, 'D502-1', 448);
INSERT INTO `tb_bed` VALUES (2718, 'D502-2', 448);
INSERT INTO `tb_bed` VALUES (2719, 'D502-3', 448);
INSERT INTO `tb_bed` VALUES (2720, 'D502-4', 448);
INSERT INTO `tb_bed` VALUES (2721, 'D502-5', 448);
INSERT INTO `tb_bed` VALUES (2722, 'D502-6', 448);
INSERT INTO `tb_bed` VALUES (2723, 'D503-1', 449);
INSERT INTO `tb_bed` VALUES (2724, 'D503-2', 449);
INSERT INTO `tb_bed` VALUES (2725, 'D503-3', 449);
INSERT INTO `tb_bed` VALUES (2726, 'D503-4', 449);
INSERT INTO `tb_bed` VALUES (2727, 'D503-5', 449);
INSERT INTO `tb_bed` VALUES (2728, 'D503-6', 449);
INSERT INTO `tb_bed` VALUES (2729, 'D504-1', 450);
INSERT INTO `tb_bed` VALUES (2730, 'D504-2', 450);
INSERT INTO `tb_bed` VALUES (2731, 'D504-3', 450);
INSERT INTO `tb_bed` VALUES (2732, 'D504-4', 450);
INSERT INTO `tb_bed` VALUES (2733, 'D504-5', 450);
INSERT INTO `tb_bed` VALUES (2734, 'D504-6', 450);
INSERT INTO `tb_bed` VALUES (2735, 'D505-1', 451);
INSERT INTO `tb_bed` VALUES (2736, 'D505-2', 451);
INSERT INTO `tb_bed` VALUES (2737, 'D505-3', 451);
INSERT INTO `tb_bed` VALUES (2738, 'D505-4', 451);
INSERT INTO `tb_bed` VALUES (2739, 'D505-5', 451);
INSERT INTO `tb_bed` VALUES (2740, 'D505-6', 451);
INSERT INTO `tb_bed` VALUES (2741, 'D506-1', 452);
INSERT INTO `tb_bed` VALUES (2742, 'D506-2', 452);
INSERT INTO `tb_bed` VALUES (2743, 'D506-3', 452);
INSERT INTO `tb_bed` VALUES (2744, 'D506-4', 452);
INSERT INTO `tb_bed` VALUES (2745, 'D506-5', 452);
INSERT INTO `tb_bed` VALUES (2746, 'D506-6', 452);
INSERT INTO `tb_bed` VALUES (2747, 'D507-1', 453);
INSERT INTO `tb_bed` VALUES (2748, 'D507-2', 453);
INSERT INTO `tb_bed` VALUES (2749, 'D507-3', 453);
INSERT INTO `tb_bed` VALUES (2750, 'D507-4', 453);
INSERT INTO `tb_bed` VALUES (2751, 'D507-5', 453);
INSERT INTO `tb_bed` VALUES (2752, 'D507-6', 453);
INSERT INTO `tb_bed` VALUES (2753, 'D508-1', 454);
INSERT INTO `tb_bed` VALUES (2754, 'D508-2', 454);
INSERT INTO `tb_bed` VALUES (2755, 'D508-3', 454);
INSERT INTO `tb_bed` VALUES (2756, 'D508-4', 454);
INSERT INTO `tb_bed` VALUES (2757, 'D508-5', 454);
INSERT INTO `tb_bed` VALUES (2758, 'D508-6', 454);
INSERT INTO `tb_bed` VALUES (2759, 'D509-1', 455);
INSERT INTO `tb_bed` VALUES (2760, 'D509-2', 455);
INSERT INTO `tb_bed` VALUES (2761, 'D509-3', 455);
INSERT INTO `tb_bed` VALUES (2762, 'D509-4', 455);
INSERT INTO `tb_bed` VALUES (2763, 'D509-5', 455);
INSERT INTO `tb_bed` VALUES (2764, 'D509-6', 455);
INSERT INTO `tb_bed` VALUES (2765, 'D510-1', 456);
INSERT INTO `tb_bed` VALUES (2766, 'D510-2', 456);
INSERT INTO `tb_bed` VALUES (2767, 'D510-3', 456);
INSERT INTO `tb_bed` VALUES (2768, 'D510-4', 456);
INSERT INTO `tb_bed` VALUES (2769, 'D510-5', 456);
INSERT INTO `tb_bed` VALUES (2770, 'D510-6', 456);
INSERT INTO `tb_bed` VALUES (2771, 'D601-1', 457);
INSERT INTO `tb_bed` VALUES (2772, 'D601-2', 457);
INSERT INTO `tb_bed` VALUES (2773, 'D601-3', 457);
INSERT INTO `tb_bed` VALUES (2774, 'D601-4', 457);
INSERT INTO `tb_bed` VALUES (2775, 'D601-5', 457);
INSERT INTO `tb_bed` VALUES (2776, 'D601-6', 457);
INSERT INTO `tb_bed` VALUES (2777, 'D602-1', 458);
INSERT INTO `tb_bed` VALUES (2778, 'D602-2', 458);
INSERT INTO `tb_bed` VALUES (2779, 'D602-3', 458);
INSERT INTO `tb_bed` VALUES (2780, 'D602-4', 458);
INSERT INTO `tb_bed` VALUES (2781, 'D602-5', 458);
INSERT INTO `tb_bed` VALUES (2782, 'D602-6', 458);
INSERT INTO `tb_bed` VALUES (2783, 'D603-1', 459);
INSERT INTO `tb_bed` VALUES (2784, 'D603-2', 459);
INSERT INTO `tb_bed` VALUES (2785, 'D603-3', 459);
INSERT INTO `tb_bed` VALUES (2786, 'D603-4', 459);
INSERT INTO `tb_bed` VALUES (2787, 'D603-5', 459);
INSERT INTO `tb_bed` VALUES (2788, 'D603-6', 459);
INSERT INTO `tb_bed` VALUES (2789, 'D604-1', 460);
INSERT INTO `tb_bed` VALUES (2790, 'D604-2', 460);
INSERT INTO `tb_bed` VALUES (2791, 'D604-3', 460);
INSERT INTO `tb_bed` VALUES (2792, 'D604-4', 460);
INSERT INTO `tb_bed` VALUES (2793, 'D604-5', 460);
INSERT INTO `tb_bed` VALUES (2794, 'D604-6', 460);
INSERT INTO `tb_bed` VALUES (2795, 'D605-1', 461);
INSERT INTO `tb_bed` VALUES (2796, 'D605-2', 461);
INSERT INTO `tb_bed` VALUES (2797, 'D605-3', 461);
INSERT INTO `tb_bed` VALUES (2798, 'D605-4', 461);
INSERT INTO `tb_bed` VALUES (2799, 'D605-5', 461);
INSERT INTO `tb_bed` VALUES (2800, 'D605-6', 461);
INSERT INTO `tb_bed` VALUES (2801, 'D606-1', 462);
INSERT INTO `tb_bed` VALUES (2802, 'D606-2', 462);
INSERT INTO `tb_bed` VALUES (2803, 'D606-3', 462);
INSERT INTO `tb_bed` VALUES (2804, 'D606-4', 462);
INSERT INTO `tb_bed` VALUES (2805, 'D606-5', 462);
INSERT INTO `tb_bed` VALUES (2806, 'D606-6', 462);
INSERT INTO `tb_bed` VALUES (2807, 'D607-1', 463);
INSERT INTO `tb_bed` VALUES (2808, 'D607-2', 463);
INSERT INTO `tb_bed` VALUES (2809, 'D607-3', 463);
INSERT INTO `tb_bed` VALUES (2810, 'D607-4', 463);
INSERT INTO `tb_bed` VALUES (2811, 'D607-5', 463);
INSERT INTO `tb_bed` VALUES (2812, 'D607-6', 463);
INSERT INTO `tb_bed` VALUES (2813, 'D608-1', 464);
INSERT INTO `tb_bed` VALUES (2814, 'D608-2', 464);
INSERT INTO `tb_bed` VALUES (2815, 'D608-3', 464);
INSERT INTO `tb_bed` VALUES (2816, 'D608-4', 464);
INSERT INTO `tb_bed` VALUES (2817, 'D608-5', 464);
INSERT INTO `tb_bed` VALUES (2818, 'D608-6', 464);
INSERT INTO `tb_bed` VALUES (2819, 'D609-1', 465);
INSERT INTO `tb_bed` VALUES (2820, 'D609-2', 465);
INSERT INTO `tb_bed` VALUES (2821, 'D609-3', 465);
INSERT INTO `tb_bed` VALUES (2822, 'D609-4', 465);
INSERT INTO `tb_bed` VALUES (2823, 'D609-5', 465);
INSERT INTO `tb_bed` VALUES (2824, 'D609-6', 465);
INSERT INTO `tb_bed` VALUES (2825, 'D610-1', 466);
INSERT INTO `tb_bed` VALUES (2826, 'D610-2', 466);
INSERT INTO `tb_bed` VALUES (2827, 'D610-3', 466);
INSERT INTO `tb_bed` VALUES (2828, 'D610-4', 466);
INSERT INTO `tb_bed` VALUES (2829, 'D610-5', 466);
INSERT INTO `tb_bed` VALUES (2830, 'D610-6', 466);
INSERT INTO `tb_bed` VALUES (2831, 'D701-1', 467);
INSERT INTO `tb_bed` VALUES (2832, 'D701-2', 467);
INSERT INTO `tb_bed` VALUES (2833, 'D701-3', 467);
INSERT INTO `tb_bed` VALUES (2834, 'D701-4', 467);
INSERT INTO `tb_bed` VALUES (2835, 'D701-5', 467);
INSERT INTO `tb_bed` VALUES (2836, 'D701-6', 467);
INSERT INTO `tb_bed` VALUES (2837, 'D702-1', 468);
INSERT INTO `tb_bed` VALUES (2838, 'D702-2', 468);
INSERT INTO `tb_bed` VALUES (2839, 'D702-3', 468);
INSERT INTO `tb_bed` VALUES (2840, 'D702-4', 468);
INSERT INTO `tb_bed` VALUES (2841, 'D702-5', 468);
INSERT INTO `tb_bed` VALUES (2842, 'D702-6', 468);
INSERT INTO `tb_bed` VALUES (2843, 'D703-1', 469);
INSERT INTO `tb_bed` VALUES (2844, 'D703-2', 469);
INSERT INTO `tb_bed` VALUES (2845, 'D703-3', 469);
INSERT INTO `tb_bed` VALUES (2846, 'D703-4', 469);
INSERT INTO `tb_bed` VALUES (2847, 'D703-5', 469);
INSERT INTO `tb_bed` VALUES (2848, 'D703-6', 469);
INSERT INTO `tb_bed` VALUES (2849, 'D704-1', 470);
INSERT INTO `tb_bed` VALUES (2850, 'D704-2', 470);
INSERT INTO `tb_bed` VALUES (2851, 'D704-3', 470);
INSERT INTO `tb_bed` VALUES (2852, 'D704-4', 470);
INSERT INTO `tb_bed` VALUES (2853, 'D704-5', 470);
INSERT INTO `tb_bed` VALUES (2854, 'D704-6', 470);
INSERT INTO `tb_bed` VALUES (2855, 'D705-1', 471);
INSERT INTO `tb_bed` VALUES (2856, 'D705-2', 471);
INSERT INTO `tb_bed` VALUES (2857, 'D705-3', 471);
INSERT INTO `tb_bed` VALUES (2858, 'D705-4', 471);
INSERT INTO `tb_bed` VALUES (2859, 'D705-5', 471);
INSERT INTO `tb_bed` VALUES (2860, 'D705-6', 471);
INSERT INTO `tb_bed` VALUES (2861, 'D706-1', 472);
INSERT INTO `tb_bed` VALUES (2862, 'D706-2', 472);
INSERT INTO `tb_bed` VALUES (2863, 'D706-3', 472);
INSERT INTO `tb_bed` VALUES (2864, 'D706-4', 472);
INSERT INTO `tb_bed` VALUES (2865, 'D706-5', 472);
INSERT INTO `tb_bed` VALUES (2866, 'D706-6', 472);
INSERT INTO `tb_bed` VALUES (2867, 'D707-1', 473);
INSERT INTO `tb_bed` VALUES (2868, 'D707-2', 473);
INSERT INTO `tb_bed` VALUES (2869, 'D707-3', 473);
INSERT INTO `tb_bed` VALUES (2870, 'D707-4', 473);
INSERT INTO `tb_bed` VALUES (2871, 'D707-5', 473);
INSERT INTO `tb_bed` VALUES (2872, 'D707-6', 473);
INSERT INTO `tb_bed` VALUES (2873, 'D708-1', 474);
INSERT INTO `tb_bed` VALUES (2874, 'D708-2', 474);
INSERT INTO `tb_bed` VALUES (2875, 'D708-3', 474);
INSERT INTO `tb_bed` VALUES (2876, 'D708-4', 474);
INSERT INTO `tb_bed` VALUES (2877, 'D708-5', 474);
INSERT INTO `tb_bed` VALUES (2878, 'D708-6', 474);
INSERT INTO `tb_bed` VALUES (2879, 'D709-1', 475);
INSERT INTO `tb_bed` VALUES (2880, 'D709-2', 475);
INSERT INTO `tb_bed` VALUES (2881, 'D709-3', 475);
INSERT INTO `tb_bed` VALUES (2882, 'D709-4', 475);
INSERT INTO `tb_bed` VALUES (2883, 'D709-5', 475);
INSERT INTO `tb_bed` VALUES (2884, 'D709-6', 475);
INSERT INTO `tb_bed` VALUES (2885, 'D710-1', 476);
INSERT INTO `tb_bed` VALUES (2886, 'D710-2', 476);
INSERT INTO `tb_bed` VALUES (2887, 'D710-3', 476);
INSERT INTO `tb_bed` VALUES (2888, 'D710-4', 476);
INSERT INTO `tb_bed` VALUES (2889, 'D710-5', 476);
INSERT INTO `tb_bed` VALUES (2890, 'D710-6', 476);
INSERT INTO `tb_bed` VALUES (2891, 'D801-1', 477);
INSERT INTO `tb_bed` VALUES (2892, 'D801-2', 477);
INSERT INTO `tb_bed` VALUES (2893, 'D801-3', 477);
INSERT INTO `tb_bed` VALUES (2894, 'D801-4', 477);
INSERT INTO `tb_bed` VALUES (2895, 'D801-5', 477);
INSERT INTO `tb_bed` VALUES (2896, 'D801-6', 477);
INSERT INTO `tb_bed` VALUES (2897, 'D802-1', 478);
INSERT INTO `tb_bed` VALUES (2898, 'D802-2', 478);
INSERT INTO `tb_bed` VALUES (2899, 'D802-3', 478);
INSERT INTO `tb_bed` VALUES (2900, 'D802-4', 478);
INSERT INTO `tb_bed` VALUES (2901, 'D802-5', 478);
INSERT INTO `tb_bed` VALUES (2902, 'D802-6', 478);
INSERT INTO `tb_bed` VALUES (2903, 'D803-1', 479);
INSERT INTO `tb_bed` VALUES (2904, 'D803-2', 479);
INSERT INTO `tb_bed` VALUES (2905, 'D803-3', 479);
INSERT INTO `tb_bed` VALUES (2906, 'D803-4', 479);
INSERT INTO `tb_bed` VALUES (2907, 'D803-5', 479);
INSERT INTO `tb_bed` VALUES (2908, 'D803-6', 479);
INSERT INTO `tb_bed` VALUES (2909, 'D804-1', 480);
INSERT INTO `tb_bed` VALUES (2910, 'D804-2', 480);
INSERT INTO `tb_bed` VALUES (2911, 'D804-3', 480);
INSERT INTO `tb_bed` VALUES (2912, 'D804-4', 480);
INSERT INTO `tb_bed` VALUES (2913, 'D804-5', 480);
INSERT INTO `tb_bed` VALUES (2914, 'D804-6', 480);
INSERT INTO `tb_bed` VALUES (2915, 'D805-1', 481);
INSERT INTO `tb_bed` VALUES (2916, 'D805-2', 481);
INSERT INTO `tb_bed` VALUES (2917, 'D805-3', 481);
INSERT INTO `tb_bed` VALUES (2918, 'D805-4', 481);
INSERT INTO `tb_bed` VALUES (2919, 'D805-5', 481);
INSERT INTO `tb_bed` VALUES (2920, 'D805-6', 481);
INSERT INTO `tb_bed` VALUES (2921, 'D806-1', 482);
INSERT INTO `tb_bed` VALUES (2922, 'D806-2', 482);
INSERT INTO `tb_bed` VALUES (2923, 'D806-3', 482);
INSERT INTO `tb_bed` VALUES (2924, 'D806-4', 482);
INSERT INTO `tb_bed` VALUES (2925, 'D806-5', 482);
INSERT INTO `tb_bed` VALUES (2926, 'D806-6', 482);
INSERT INTO `tb_bed` VALUES (2927, 'D807-1', 483);
INSERT INTO `tb_bed` VALUES (2928, 'D807-2', 483);
INSERT INTO `tb_bed` VALUES (2929, 'D807-3', 483);
INSERT INTO `tb_bed` VALUES (2930, 'D807-4', 483);
INSERT INTO `tb_bed` VALUES (2931, 'D807-5', 483);
INSERT INTO `tb_bed` VALUES (2932, 'D807-6', 483);
INSERT INTO `tb_bed` VALUES (2933, 'D808-1', 484);
INSERT INTO `tb_bed` VALUES (2934, 'D808-2', 484);
INSERT INTO `tb_bed` VALUES (2935, 'D808-3', 484);
INSERT INTO `tb_bed` VALUES (2936, 'D808-4', 484);
INSERT INTO `tb_bed` VALUES (2937, 'D808-5', 484);
INSERT INTO `tb_bed` VALUES (2938, 'D808-6', 484);
INSERT INTO `tb_bed` VALUES (2939, 'D809-1', 485);
INSERT INTO `tb_bed` VALUES (2940, 'D809-2', 485);
INSERT INTO `tb_bed` VALUES (2941, 'D809-3', 485);
INSERT INTO `tb_bed` VALUES (2942, 'D809-4', 485);
INSERT INTO `tb_bed` VALUES (2943, 'D809-5', 485);
INSERT INTO `tb_bed` VALUES (2944, 'D809-6', 485);
INSERT INTO `tb_bed` VALUES (2945, 'D810-1', 486);
INSERT INTO `tb_bed` VALUES (2946, 'D810-2', 486);
INSERT INTO `tb_bed` VALUES (2947, 'D810-3', 486);
INSERT INTO `tb_bed` VALUES (2948, 'D810-4', 486);
INSERT INTO `tb_bed` VALUES (2949, 'D810-5', 486);
INSERT INTO `tb_bed` VALUES (2950, 'D810-6', 486);
INSERT INTO `tb_bed` VALUES (2951, 'D901-1', 487);
INSERT INTO `tb_bed` VALUES (2952, 'D901-2', 487);
INSERT INTO `tb_bed` VALUES (2953, 'D901-3', 487);
INSERT INTO `tb_bed` VALUES (2954, 'D901-4', 487);
INSERT INTO `tb_bed` VALUES (2955, 'D901-5', 487);
INSERT INTO `tb_bed` VALUES (2956, 'D901-6', 487);
INSERT INTO `tb_bed` VALUES (2957, 'D902-1', 488);
INSERT INTO `tb_bed` VALUES (2958, 'D902-2', 488);
INSERT INTO `tb_bed` VALUES (2959, 'D902-3', 488);
INSERT INTO `tb_bed` VALUES (2960, 'D902-4', 488);
INSERT INTO `tb_bed` VALUES (2961, 'D902-5', 488);
INSERT INTO `tb_bed` VALUES (2962, 'D902-6', 488);
INSERT INTO `tb_bed` VALUES (2963, 'D903-1', 489);
INSERT INTO `tb_bed` VALUES (2964, 'D903-2', 489);
INSERT INTO `tb_bed` VALUES (2965, 'D903-3', 489);
INSERT INTO `tb_bed` VALUES (2966, 'D903-4', 489);
INSERT INTO `tb_bed` VALUES (2967, 'D903-5', 489);
INSERT INTO `tb_bed` VALUES (2968, 'D903-6', 489);
INSERT INTO `tb_bed` VALUES (2969, 'D904-1', 490);
INSERT INTO `tb_bed` VALUES (2970, 'D904-2', 490);
INSERT INTO `tb_bed` VALUES (2971, 'D904-3', 490);
INSERT INTO `tb_bed` VALUES (2972, 'D904-4', 490);
INSERT INTO `tb_bed` VALUES (2973, 'D904-5', 490);
INSERT INTO `tb_bed` VALUES (2974, 'D904-6', 490);
INSERT INTO `tb_bed` VALUES (2975, 'D905-1', 491);
INSERT INTO `tb_bed` VALUES (2976, 'D905-2', 491);
INSERT INTO `tb_bed` VALUES (2977, 'D905-3', 491);
INSERT INTO `tb_bed` VALUES (2978, 'D905-4', 491);
INSERT INTO `tb_bed` VALUES (2979, 'D905-5', 491);
INSERT INTO `tb_bed` VALUES (2980, 'D905-6', 491);
INSERT INTO `tb_bed` VALUES (2981, 'D906-1', 492);
INSERT INTO `tb_bed` VALUES (2982, 'D906-2', 492);
INSERT INTO `tb_bed` VALUES (2983, 'D906-3', 492);
INSERT INTO `tb_bed` VALUES (2984, 'D906-4', 492);
INSERT INTO `tb_bed` VALUES (2985, 'D906-5', 492);
INSERT INTO `tb_bed` VALUES (2986, 'D906-6', 492);
INSERT INTO `tb_bed` VALUES (2987, 'D907-1', 493);
INSERT INTO `tb_bed` VALUES (2988, 'D907-2', 493);
INSERT INTO `tb_bed` VALUES (2989, 'D907-3', 493);
INSERT INTO `tb_bed` VALUES (2990, 'D907-4', 493);
INSERT INTO `tb_bed` VALUES (2991, 'D907-5', 493);
INSERT INTO `tb_bed` VALUES (2992, 'D907-6', 493);
INSERT INTO `tb_bed` VALUES (2993, 'D908-1', 494);
INSERT INTO `tb_bed` VALUES (2994, 'D908-2', 494);
INSERT INTO `tb_bed` VALUES (2995, 'D908-3', 494);
INSERT INTO `tb_bed` VALUES (2996, 'D908-4', 494);
INSERT INTO `tb_bed` VALUES (2997, 'D908-5', 494);
INSERT INTO `tb_bed` VALUES (2998, 'D908-6', 494);
INSERT INTO `tb_bed` VALUES (2999, 'D909-1', 495);
INSERT INTO `tb_bed` VALUES (3000, 'D909-2', 495);
INSERT INTO `tb_bed` VALUES (3001, 'D909-3', 495);
INSERT INTO `tb_bed` VALUES (3002, 'D909-4', 495);
INSERT INTO `tb_bed` VALUES (3003, 'D909-5', 495);
INSERT INTO `tb_bed` VALUES (3004, 'D909-6', 495);
INSERT INTO `tb_bed` VALUES (3005, 'D910-1', 496);
INSERT INTO `tb_bed` VALUES (3006, 'D910-2', 496);
INSERT INTO `tb_bed` VALUES (3007, 'D910-3', 496);
INSERT INTO `tb_bed` VALUES (3008, 'D910-4', 496);
INSERT INTO `tb_bed` VALUES (3009, 'D910-5', 496);
INSERT INTO `tb_bed` VALUES (3010, 'D910-6', 496);
INSERT INTO `tb_bed` VALUES (3011, 'D1001-1', 497);
INSERT INTO `tb_bed` VALUES (3012, 'D1001-2', 497);
INSERT INTO `tb_bed` VALUES (3013, 'D1001-3', 497);
INSERT INTO `tb_bed` VALUES (3014, 'D1001-4', 497);
INSERT INTO `tb_bed` VALUES (3015, 'D1001-5', 497);
INSERT INTO `tb_bed` VALUES (3016, 'D1001-6', 497);
INSERT INTO `tb_bed` VALUES (3017, 'D1002-1', 498);
INSERT INTO `tb_bed` VALUES (3018, 'D1002-2', 498);
INSERT INTO `tb_bed` VALUES (3019, 'D1002-3', 498);
INSERT INTO `tb_bed` VALUES (3020, 'D1002-4', 498);
INSERT INTO `tb_bed` VALUES (3021, 'D1002-5', 498);
INSERT INTO `tb_bed` VALUES (3022, 'D1002-6', 498);
INSERT INTO `tb_bed` VALUES (3023, 'D1003-1', 499);
INSERT INTO `tb_bed` VALUES (3024, 'D1003-2', 499);
INSERT INTO `tb_bed` VALUES (3025, 'D1003-3', 499);
INSERT INTO `tb_bed` VALUES (3026, 'D1003-4', 499);
INSERT INTO `tb_bed` VALUES (3027, 'D1003-5', 499);
INSERT INTO `tb_bed` VALUES (3028, 'D1003-6', 499);
INSERT INTO `tb_bed` VALUES (3029, 'D1004-1', 500);
INSERT INTO `tb_bed` VALUES (3030, 'D1004-2', 500);
INSERT INTO `tb_bed` VALUES (3031, 'D1004-3', 500);
INSERT INTO `tb_bed` VALUES (3032, 'D1004-4', 500);
INSERT INTO `tb_bed` VALUES (3033, 'D1004-5', 500);
INSERT INTO `tb_bed` VALUES (3034, 'D1004-6', 500);
INSERT INTO `tb_bed` VALUES (3035, 'D1005-1', 501);
INSERT INTO `tb_bed` VALUES (3036, 'D1005-2', 501);
INSERT INTO `tb_bed` VALUES (3037, 'D1005-3', 501);
INSERT INTO `tb_bed` VALUES (3038, 'D1005-4', 501);
INSERT INTO `tb_bed` VALUES (3039, 'D1005-5', 501);
INSERT INTO `tb_bed` VALUES (3040, 'D1005-6', 501);
INSERT INTO `tb_bed` VALUES (3041, 'D1006-1', 502);
INSERT INTO `tb_bed` VALUES (3042, 'D1006-2', 502);
INSERT INTO `tb_bed` VALUES (3043, 'D1006-3', 502);
INSERT INTO `tb_bed` VALUES (3044, 'D1006-4', 502);
INSERT INTO `tb_bed` VALUES (3045, 'D1006-5', 502);
INSERT INTO `tb_bed` VALUES (3046, 'D1006-6', 502);
INSERT INTO `tb_bed` VALUES (3047, 'D1007-1', 503);
INSERT INTO `tb_bed` VALUES (3048, 'D1007-2', 503);
INSERT INTO `tb_bed` VALUES (3049, 'D1007-3', 503);
INSERT INTO `tb_bed` VALUES (3050, 'D1007-4', 503);
INSERT INTO `tb_bed` VALUES (3051, 'D1007-5', 503);
INSERT INTO `tb_bed` VALUES (3052, 'D1007-6', 503);
INSERT INTO `tb_bed` VALUES (3053, 'D1008-1', 504);
INSERT INTO `tb_bed` VALUES (3054, 'D1008-2', 504);
INSERT INTO `tb_bed` VALUES (3055, 'D1008-3', 504);
INSERT INTO `tb_bed` VALUES (3056, 'D1008-4', 504);
INSERT INTO `tb_bed` VALUES (3057, 'D1008-5', 504);
INSERT INTO `tb_bed` VALUES (3058, 'D1008-6', 504);
INSERT INTO `tb_bed` VALUES (3059, 'D1009-1', 505);
INSERT INTO `tb_bed` VALUES (3060, 'D1009-2', 505);
INSERT INTO `tb_bed` VALUES (3061, 'D1009-3', 505);
INSERT INTO `tb_bed` VALUES (3062, 'D1009-4', 505);
INSERT INTO `tb_bed` VALUES (3063, 'D1009-5', 505);
INSERT INTO `tb_bed` VALUES (3064, 'D1009-6', 505);
INSERT INTO `tb_bed` VALUES (3065, 'D1010-1', 506);
INSERT INTO `tb_bed` VALUES (3066, 'D1010-2', 506);
INSERT INTO `tb_bed` VALUES (3067, 'D1010-3', 506);
INSERT INTO `tb_bed` VALUES (3068, 'D1010-4', 506);
INSERT INTO `tb_bed` VALUES (3069, 'D1010-5', 506);
INSERT INTO `tb_bed` VALUES (3070, 'D1010-6', 506);
INSERT INTO `tb_bed` VALUES (3071, 'E101-1', 507);
INSERT INTO `tb_bed` VALUES (3072, 'E101-2', 507);
INSERT INTO `tb_bed` VALUES (3073, 'E101-3', 507);
INSERT INTO `tb_bed` VALUES (3074, 'E101-4', 507);
INSERT INTO `tb_bed` VALUES (3075, 'E101-5', 507);
INSERT INTO `tb_bed` VALUES (3076, 'E101-6', 507);
INSERT INTO `tb_bed` VALUES (3077, 'E102-1', 508);
INSERT INTO `tb_bed` VALUES (3078, 'E102-2', 508);
INSERT INTO `tb_bed` VALUES (3079, 'E102-3', 508);
INSERT INTO `tb_bed` VALUES (3080, 'E102-4', 508);
INSERT INTO `tb_bed` VALUES (3081, 'E102-5', 508);
INSERT INTO `tb_bed` VALUES (3082, 'E102-6', 508);
INSERT INTO `tb_bed` VALUES (3083, 'E103-1', 509);
INSERT INTO `tb_bed` VALUES (3084, 'E103-2', 509);
INSERT INTO `tb_bed` VALUES (3085, 'E103-3', 509);
INSERT INTO `tb_bed` VALUES (3086, 'E103-4', 509);
INSERT INTO `tb_bed` VALUES (3087, 'E103-5', 509);
INSERT INTO `tb_bed` VALUES (3088, 'E103-6', 509);
INSERT INTO `tb_bed` VALUES (3089, 'E104-1', 510);
INSERT INTO `tb_bed` VALUES (3090, 'E104-2', 510);
INSERT INTO `tb_bed` VALUES (3091, 'E104-3', 510);
INSERT INTO `tb_bed` VALUES (3092, 'E104-4', 510);
INSERT INTO `tb_bed` VALUES (3093, 'E104-5', 510);
INSERT INTO `tb_bed` VALUES (3094, 'E104-6', 510);
INSERT INTO `tb_bed` VALUES (3095, 'E105-1', 511);
INSERT INTO `tb_bed` VALUES (3096, 'E105-2', 511);
INSERT INTO `tb_bed` VALUES (3097, 'E105-3', 511);
INSERT INTO `tb_bed` VALUES (3098, 'E105-4', 511);
INSERT INTO `tb_bed` VALUES (3099, 'E105-5', 511);
INSERT INTO `tb_bed` VALUES (3100, 'E105-6', 511);
INSERT INTO `tb_bed` VALUES (3101, 'E106-1', 512);
INSERT INTO `tb_bed` VALUES (3102, 'E106-2', 512);
INSERT INTO `tb_bed` VALUES (3103, 'E106-3', 512);
INSERT INTO `tb_bed` VALUES (3104, 'E106-4', 512);
INSERT INTO `tb_bed` VALUES (3105, 'E106-5', 512);
INSERT INTO `tb_bed` VALUES (3106, 'E106-6', 512);
INSERT INTO `tb_bed` VALUES (3107, 'E107-1', 513);
INSERT INTO `tb_bed` VALUES (3108, 'E107-2', 513);
INSERT INTO `tb_bed` VALUES (3109, 'E107-3', 513);
INSERT INTO `tb_bed` VALUES (3110, 'E107-4', 513);
INSERT INTO `tb_bed` VALUES (3111, 'E107-5', 513);
INSERT INTO `tb_bed` VALUES (3112, 'E107-6', 513);
INSERT INTO `tb_bed` VALUES (3113, 'E108-1', 514);
INSERT INTO `tb_bed` VALUES (3114, 'E108-2', 514);
INSERT INTO `tb_bed` VALUES (3115, 'E108-3', 514);
INSERT INTO `tb_bed` VALUES (3116, 'E108-4', 514);
INSERT INTO `tb_bed` VALUES (3117, 'E108-5', 514);
INSERT INTO `tb_bed` VALUES (3118, 'E108-6', 514);
INSERT INTO `tb_bed` VALUES (3119, 'E109-1', 515);
INSERT INTO `tb_bed` VALUES (3120, 'E109-2', 515);
INSERT INTO `tb_bed` VALUES (3121, 'E109-3', 515);
INSERT INTO `tb_bed` VALUES (3122, 'E109-4', 515);
INSERT INTO `tb_bed` VALUES (3123, 'E109-5', 515);
INSERT INTO `tb_bed` VALUES (3124, 'E109-6', 515);
INSERT INTO `tb_bed` VALUES (3125, 'E110-1', 516);
INSERT INTO `tb_bed` VALUES (3126, 'E110-2', 516);
INSERT INTO `tb_bed` VALUES (3127, 'E110-3', 516);
INSERT INTO `tb_bed` VALUES (3128, 'E110-4', 516);
INSERT INTO `tb_bed` VALUES (3129, 'E110-5', 516);
INSERT INTO `tb_bed` VALUES (3130, 'E110-6', 516);
INSERT INTO `tb_bed` VALUES (3131, 'E201-1', 517);
INSERT INTO `tb_bed` VALUES (3132, 'E201-2', 517);
INSERT INTO `tb_bed` VALUES (3133, 'E201-3', 517);
INSERT INTO `tb_bed` VALUES (3134, 'E201-4', 517);
INSERT INTO `tb_bed` VALUES (3135, 'E201-5', 517);
INSERT INTO `tb_bed` VALUES (3136, 'E201-6', 517);
INSERT INTO `tb_bed` VALUES (3137, 'E202-1', 518);
INSERT INTO `tb_bed` VALUES (3138, 'E202-2', 518);
INSERT INTO `tb_bed` VALUES (3139, 'E202-3', 518);
INSERT INTO `tb_bed` VALUES (3140, 'E202-4', 518);
INSERT INTO `tb_bed` VALUES (3141, 'E202-5', 518);
INSERT INTO `tb_bed` VALUES (3142, 'E202-6', 518);
INSERT INTO `tb_bed` VALUES (3143, 'E203-1', 519);
INSERT INTO `tb_bed` VALUES (3144, 'E203-2', 519);
INSERT INTO `tb_bed` VALUES (3145, 'E203-3', 519);
INSERT INTO `tb_bed` VALUES (3146, 'E203-4', 519);
INSERT INTO `tb_bed` VALUES (3147, 'E203-5', 519);
INSERT INTO `tb_bed` VALUES (3148, 'E203-6', 519);
INSERT INTO `tb_bed` VALUES (3149, 'E204-1', 520);
INSERT INTO `tb_bed` VALUES (3150, 'E204-2', 520);
INSERT INTO `tb_bed` VALUES (3151, 'E204-3', 520);
INSERT INTO `tb_bed` VALUES (3152, 'E204-4', 520);
INSERT INTO `tb_bed` VALUES (3153, 'E204-5', 520);
INSERT INTO `tb_bed` VALUES (3154, 'E204-6', 520);
INSERT INTO `tb_bed` VALUES (3155, 'E205-1', 521);
INSERT INTO `tb_bed` VALUES (3156, 'E205-2', 521);
INSERT INTO `tb_bed` VALUES (3157, 'E205-3', 521);
INSERT INTO `tb_bed` VALUES (3158, 'E205-4', 521);
INSERT INTO `tb_bed` VALUES (3159, 'E205-5', 521);
INSERT INTO `tb_bed` VALUES (3160, 'E205-6', 521);
INSERT INTO `tb_bed` VALUES (3161, 'E206-1', 522);
INSERT INTO `tb_bed` VALUES (3162, 'E206-2', 522);
INSERT INTO `tb_bed` VALUES (3163, 'E206-3', 522);
INSERT INTO `tb_bed` VALUES (3164, 'E206-4', 522);
INSERT INTO `tb_bed` VALUES (3165, 'E206-5', 522);
INSERT INTO `tb_bed` VALUES (3166, 'E206-6', 522);
INSERT INTO `tb_bed` VALUES (3167, 'E207-1', 523);
INSERT INTO `tb_bed` VALUES (3168, 'E207-2', 523);
INSERT INTO `tb_bed` VALUES (3169, 'E207-3', 523);
INSERT INTO `tb_bed` VALUES (3170, 'E207-4', 523);
INSERT INTO `tb_bed` VALUES (3171, 'E207-5', 523);
INSERT INTO `tb_bed` VALUES (3172, 'E207-6', 523);
INSERT INTO `tb_bed` VALUES (3173, 'E208-1', 524);
INSERT INTO `tb_bed` VALUES (3174, 'E208-2', 524);
INSERT INTO `tb_bed` VALUES (3175, 'E208-3', 524);
INSERT INTO `tb_bed` VALUES (3176, 'E208-4', 524);
INSERT INTO `tb_bed` VALUES (3177, 'E208-5', 524);
INSERT INTO `tb_bed` VALUES (3178, 'E208-6', 524);
INSERT INTO `tb_bed` VALUES (3179, 'E209-1', 525);
INSERT INTO `tb_bed` VALUES (3180, 'E209-2', 525);
INSERT INTO `tb_bed` VALUES (3181, 'E209-3', 525);
INSERT INTO `tb_bed` VALUES (3182, 'E209-4', 525);
INSERT INTO `tb_bed` VALUES (3183, 'E209-5', 525);
INSERT INTO `tb_bed` VALUES (3184, 'E209-6', 525);
INSERT INTO `tb_bed` VALUES (3185, 'E210-1', 526);
INSERT INTO `tb_bed` VALUES (3186, 'E210-2', 526);
INSERT INTO `tb_bed` VALUES (3187, 'E210-3', 526);
INSERT INTO `tb_bed` VALUES (3188, 'E210-4', 526);
INSERT INTO `tb_bed` VALUES (3189, 'E210-5', 526);
INSERT INTO `tb_bed` VALUES (3190, 'E210-6', 526);
INSERT INTO `tb_bed` VALUES (3191, 'E301-1', 527);
INSERT INTO `tb_bed` VALUES (3192, 'E301-2', 527);
INSERT INTO `tb_bed` VALUES (3193, 'E301-3', 527);
INSERT INTO `tb_bed` VALUES (3194, 'E301-4', 527);
INSERT INTO `tb_bed` VALUES (3195, 'E301-5', 527);
INSERT INTO `tb_bed` VALUES (3196, 'E301-6', 527);
INSERT INTO `tb_bed` VALUES (3197, 'E302-1', 528);
INSERT INTO `tb_bed` VALUES (3198, 'E302-2', 528);
INSERT INTO `tb_bed` VALUES (3199, 'E302-3', 528);
INSERT INTO `tb_bed` VALUES (3200, 'E302-4', 528);
INSERT INTO `tb_bed` VALUES (3201, 'E302-5', 528);
INSERT INTO `tb_bed` VALUES (3202, 'E302-6', 528);
INSERT INTO `tb_bed` VALUES (3203, 'E303-1', 529);
INSERT INTO `tb_bed` VALUES (3204, 'E303-2', 529);
INSERT INTO `tb_bed` VALUES (3205, 'E303-3', 529);
INSERT INTO `tb_bed` VALUES (3206, 'E303-4', 529);
INSERT INTO `tb_bed` VALUES (3207, 'E303-5', 529);
INSERT INTO `tb_bed` VALUES (3208, 'E303-6', 529);
INSERT INTO `tb_bed` VALUES (3209, 'E304-1', 530);
INSERT INTO `tb_bed` VALUES (3210, 'E304-2', 530);
INSERT INTO `tb_bed` VALUES (3211, 'E304-3', 530);
INSERT INTO `tb_bed` VALUES (3212, 'E304-4', 530);
INSERT INTO `tb_bed` VALUES (3213, 'E304-5', 530);
INSERT INTO `tb_bed` VALUES (3214, 'E304-6', 530);
INSERT INTO `tb_bed` VALUES (3215, 'E305-1', 531);
INSERT INTO `tb_bed` VALUES (3216, 'E305-2', 531);
INSERT INTO `tb_bed` VALUES (3217, 'E305-3', 531);
INSERT INTO `tb_bed` VALUES (3218, 'E305-4', 531);
INSERT INTO `tb_bed` VALUES (3219, 'E305-5', 531);
INSERT INTO `tb_bed` VALUES (3220, 'E305-6', 531);
INSERT INTO `tb_bed` VALUES (3221, 'E306-1', 532);
INSERT INTO `tb_bed` VALUES (3222, 'E306-2', 532);
INSERT INTO `tb_bed` VALUES (3223, 'E306-3', 532);
INSERT INTO `tb_bed` VALUES (3224, 'E306-4', 532);
INSERT INTO `tb_bed` VALUES (3225, 'E306-5', 532);
INSERT INTO `tb_bed` VALUES (3226, 'E306-6', 532);
INSERT INTO `tb_bed` VALUES (3227, 'E307-1', 533);
INSERT INTO `tb_bed` VALUES (3228, 'E307-2', 533);
INSERT INTO `tb_bed` VALUES (3229, 'E307-3', 533);
INSERT INTO `tb_bed` VALUES (3230, 'E307-4', 533);
INSERT INTO `tb_bed` VALUES (3231, 'E307-5', 533);
INSERT INTO `tb_bed` VALUES (3232, 'E307-6', 533);
INSERT INTO `tb_bed` VALUES (3233, 'E308-1', 534);
INSERT INTO `tb_bed` VALUES (3234, 'E308-2', 534);
INSERT INTO `tb_bed` VALUES (3235, 'E308-3', 534);
INSERT INTO `tb_bed` VALUES (3236, 'E308-4', 534);
INSERT INTO `tb_bed` VALUES (3237, 'E308-5', 534);
INSERT INTO `tb_bed` VALUES (3238, 'E308-6', 534);
INSERT INTO `tb_bed` VALUES (3239, 'E309-1', 535);
INSERT INTO `tb_bed` VALUES (3240, 'E309-2', 535);
INSERT INTO `tb_bed` VALUES (3241, 'E309-3', 535);
INSERT INTO `tb_bed` VALUES (3242, 'E309-4', 535);
INSERT INTO `tb_bed` VALUES (3243, 'E309-5', 535);
INSERT INTO `tb_bed` VALUES (3244, 'E309-6', 535);
INSERT INTO `tb_bed` VALUES (3245, 'E310-1', 536);
INSERT INTO `tb_bed` VALUES (3246, 'E310-2', 536);
INSERT INTO `tb_bed` VALUES (3247, 'E310-3', 536);
INSERT INTO `tb_bed` VALUES (3248, 'E310-4', 536);
INSERT INTO `tb_bed` VALUES (3249, 'E310-5', 536);
INSERT INTO `tb_bed` VALUES (3250, 'E310-6', 536);
INSERT INTO `tb_bed` VALUES (3251, 'E401-1', 537);
INSERT INTO `tb_bed` VALUES (3252, 'E401-2', 537);
INSERT INTO `tb_bed` VALUES (3253, 'E401-3', 537);
INSERT INTO `tb_bed` VALUES (3254, 'E401-4', 537);
INSERT INTO `tb_bed` VALUES (3255, 'E401-5', 537);
INSERT INTO `tb_bed` VALUES (3256, 'E401-6', 537);
INSERT INTO `tb_bed` VALUES (3257, 'E402-1', 538);
INSERT INTO `tb_bed` VALUES (3258, 'E402-2', 538);
INSERT INTO `tb_bed` VALUES (3259, 'E402-3', 538);
INSERT INTO `tb_bed` VALUES (3260, 'E402-4', 538);
INSERT INTO `tb_bed` VALUES (3261, 'E402-5', 538);
INSERT INTO `tb_bed` VALUES (3262, 'E402-6', 538);
INSERT INTO `tb_bed` VALUES (3263, 'E403-1', 539);
INSERT INTO `tb_bed` VALUES (3264, 'E403-2', 539);
INSERT INTO `tb_bed` VALUES (3265, 'E403-3', 539);
INSERT INTO `tb_bed` VALUES (3266, 'E403-4', 539);
INSERT INTO `tb_bed` VALUES (3267, 'E403-5', 539);
INSERT INTO `tb_bed` VALUES (3268, 'E403-6', 539);
INSERT INTO `tb_bed` VALUES (3269, 'E404-1', 540);
INSERT INTO `tb_bed` VALUES (3270, 'E404-2', 540);
INSERT INTO `tb_bed` VALUES (3271, 'E404-3', 540);
INSERT INTO `tb_bed` VALUES (3272, 'E404-4', 540);
INSERT INTO `tb_bed` VALUES (3273, 'E404-5', 540);
INSERT INTO `tb_bed` VALUES (3274, 'E404-6', 540);
INSERT INTO `tb_bed` VALUES (3275, 'E405-1', 541);
INSERT INTO `tb_bed` VALUES (3276, 'E405-2', 541);
INSERT INTO `tb_bed` VALUES (3277, 'E405-3', 541);
INSERT INTO `tb_bed` VALUES (3278, 'E405-4', 541);
INSERT INTO `tb_bed` VALUES (3279, 'E405-5', 541);
INSERT INTO `tb_bed` VALUES (3280, 'E405-6', 541);
INSERT INTO `tb_bed` VALUES (3281, 'E406-1', 542);
INSERT INTO `tb_bed` VALUES (3282, 'E406-2', 542);
INSERT INTO `tb_bed` VALUES (3283, 'E406-3', 542);
INSERT INTO `tb_bed` VALUES (3284, 'E406-4', 542);
INSERT INTO `tb_bed` VALUES (3285, 'E406-5', 542);
INSERT INTO `tb_bed` VALUES (3286, 'E406-6', 542);
INSERT INTO `tb_bed` VALUES (3287, 'E407-1', 543);
INSERT INTO `tb_bed` VALUES (3288, 'E407-2', 543);
INSERT INTO `tb_bed` VALUES (3289, 'E407-3', 543);
INSERT INTO `tb_bed` VALUES (3290, 'E407-4', 543);
INSERT INTO `tb_bed` VALUES (3291, 'E407-5', 543);
INSERT INTO `tb_bed` VALUES (3292, 'E407-6', 543);
INSERT INTO `tb_bed` VALUES (3293, 'E408-1', 544);
INSERT INTO `tb_bed` VALUES (3294, 'E408-2', 544);
INSERT INTO `tb_bed` VALUES (3295, 'E408-3', 544);
INSERT INTO `tb_bed` VALUES (3296, 'E408-4', 544);
INSERT INTO `tb_bed` VALUES (3297, 'E408-5', 544);
INSERT INTO `tb_bed` VALUES (3298, 'E408-6', 544);
INSERT INTO `tb_bed` VALUES (3299, 'E409-1', 545);
INSERT INTO `tb_bed` VALUES (3300, 'E409-2', 545);
INSERT INTO `tb_bed` VALUES (3301, 'E409-3', 545);
INSERT INTO `tb_bed` VALUES (3302, 'E409-4', 545);
INSERT INTO `tb_bed` VALUES (3303, 'E409-5', 545);
INSERT INTO `tb_bed` VALUES (3304, 'E409-6', 545);
INSERT INTO `tb_bed` VALUES (3305, 'E410-1', 546);
INSERT INTO `tb_bed` VALUES (3306, 'E410-2', 546);
INSERT INTO `tb_bed` VALUES (3307, 'E410-3', 546);
INSERT INTO `tb_bed` VALUES (3308, 'E410-4', 546);
INSERT INTO `tb_bed` VALUES (3309, 'E410-5', 546);
INSERT INTO `tb_bed` VALUES (3310, 'E410-6', 546);
INSERT INTO `tb_bed` VALUES (3311, 'E501-1', 547);
INSERT INTO `tb_bed` VALUES (3312, 'E501-2', 547);
INSERT INTO `tb_bed` VALUES (3313, 'E501-3', 547);
INSERT INTO `tb_bed` VALUES (3314, 'E501-4', 547);
INSERT INTO `tb_bed` VALUES (3315, 'E501-5', 547);
INSERT INTO `tb_bed` VALUES (3316, 'E501-6', 547);
INSERT INTO `tb_bed` VALUES (3317, 'E502-1', 548);
INSERT INTO `tb_bed` VALUES (3318, 'E502-2', 548);
INSERT INTO `tb_bed` VALUES (3319, 'E502-3', 548);
INSERT INTO `tb_bed` VALUES (3320, 'E502-4', 548);
INSERT INTO `tb_bed` VALUES (3321, 'E502-5', 548);
INSERT INTO `tb_bed` VALUES (3322, 'E502-6', 548);
INSERT INTO `tb_bed` VALUES (3323, 'E503-1', 549);
INSERT INTO `tb_bed` VALUES (3324, 'E503-2', 549);
INSERT INTO `tb_bed` VALUES (3325, 'E503-3', 549);
INSERT INTO `tb_bed` VALUES (3326, 'E503-4', 549);
INSERT INTO `tb_bed` VALUES (3327, 'E503-5', 549);
INSERT INTO `tb_bed` VALUES (3328, 'E503-6', 549);
INSERT INTO `tb_bed` VALUES (3329, 'E504-1', 550);
INSERT INTO `tb_bed` VALUES (3330, 'E504-2', 550);
INSERT INTO `tb_bed` VALUES (3331, 'E504-3', 550);
INSERT INTO `tb_bed` VALUES (3332, 'E504-4', 550);
INSERT INTO `tb_bed` VALUES (3333, 'E504-5', 550);
INSERT INTO `tb_bed` VALUES (3334, 'E504-6', 550);
INSERT INTO `tb_bed` VALUES (3335, 'E505-1', 551);
INSERT INTO `tb_bed` VALUES (3336, 'E505-2', 551);
INSERT INTO `tb_bed` VALUES (3337, 'E505-3', 551);
INSERT INTO `tb_bed` VALUES (3338, 'E505-4', 551);
INSERT INTO `tb_bed` VALUES (3339, 'E505-5', 551);
INSERT INTO `tb_bed` VALUES (3340, 'E505-6', 551);
INSERT INTO `tb_bed` VALUES (3341, 'E506-1', 552);
INSERT INTO `tb_bed` VALUES (3342, 'E506-2', 552);
INSERT INTO `tb_bed` VALUES (3343, 'E506-3', 552);
INSERT INTO `tb_bed` VALUES (3344, 'E506-4', 552);
INSERT INTO `tb_bed` VALUES (3345, 'E506-5', 552);
INSERT INTO `tb_bed` VALUES (3346, 'E506-6', 552);
INSERT INTO `tb_bed` VALUES (3347, 'E507-1', 553);
INSERT INTO `tb_bed` VALUES (3348, 'E507-2', 553);
INSERT INTO `tb_bed` VALUES (3349, 'E507-3', 553);
INSERT INTO `tb_bed` VALUES (3350, 'E507-4', 553);
INSERT INTO `tb_bed` VALUES (3351, 'E507-5', 553);
INSERT INTO `tb_bed` VALUES (3352, 'E507-6', 553);
INSERT INTO `tb_bed` VALUES (3353, 'E508-1', 554);
INSERT INTO `tb_bed` VALUES (3354, 'E508-2', 554);
INSERT INTO `tb_bed` VALUES (3355, 'E508-3', 554);
INSERT INTO `tb_bed` VALUES (3356, 'E508-4', 554);
INSERT INTO `tb_bed` VALUES (3357, 'E508-5', 554);
INSERT INTO `tb_bed` VALUES (3358, 'E508-6', 554);
INSERT INTO `tb_bed` VALUES (3359, 'E509-1', 555);
INSERT INTO `tb_bed` VALUES (3360, 'E509-2', 555);
INSERT INTO `tb_bed` VALUES (3361, 'E509-3', 555);
INSERT INTO `tb_bed` VALUES (3362, 'E509-4', 555);
INSERT INTO `tb_bed` VALUES (3363, 'E509-5', 555);
INSERT INTO `tb_bed` VALUES (3364, 'E509-6', 555);
INSERT INTO `tb_bed` VALUES (3365, 'E510-1', 556);
INSERT INTO `tb_bed` VALUES (3366, 'E510-2', 556);
INSERT INTO `tb_bed` VALUES (3367, 'E510-3', 556);
INSERT INTO `tb_bed` VALUES (3368, 'E510-4', 556);
INSERT INTO `tb_bed` VALUES (3369, 'E510-5', 556);
INSERT INTO `tb_bed` VALUES (3370, 'E510-6', 556);
INSERT INTO `tb_bed` VALUES (3371, 'E601-1', 557);
INSERT INTO `tb_bed` VALUES (3372, 'E601-2', 557);
INSERT INTO `tb_bed` VALUES (3373, 'E601-3', 557);
INSERT INTO `tb_bed` VALUES (3374, 'E601-4', 557);
INSERT INTO `tb_bed` VALUES (3375, 'E601-5', 557);
INSERT INTO `tb_bed` VALUES (3376, 'E601-6', 557);
INSERT INTO `tb_bed` VALUES (3377, 'E602-1', 558);
INSERT INTO `tb_bed` VALUES (3378, 'E602-2', 558);
INSERT INTO `tb_bed` VALUES (3379, 'E602-3', 558);
INSERT INTO `tb_bed` VALUES (3380, 'E602-4', 558);
INSERT INTO `tb_bed` VALUES (3381, 'E602-5', 558);
INSERT INTO `tb_bed` VALUES (3382, 'E602-6', 558);
INSERT INTO `tb_bed` VALUES (3383, 'E603-1', 559);
INSERT INTO `tb_bed` VALUES (3384, 'E603-2', 559);
INSERT INTO `tb_bed` VALUES (3385, 'E603-3', 559);
INSERT INTO `tb_bed` VALUES (3386, 'E603-4', 559);
INSERT INTO `tb_bed` VALUES (3387, 'E603-5', 559);
INSERT INTO `tb_bed` VALUES (3388, 'E603-6', 559);
INSERT INTO `tb_bed` VALUES (3389, 'E604-1', 560);
INSERT INTO `tb_bed` VALUES (3390, 'E604-2', 560);
INSERT INTO `tb_bed` VALUES (3391, 'E604-3', 560);
INSERT INTO `tb_bed` VALUES (3392, 'E604-4', 560);
INSERT INTO `tb_bed` VALUES (3393, 'E604-5', 560);
INSERT INTO `tb_bed` VALUES (3394, 'E604-6', 560);
INSERT INTO `tb_bed` VALUES (3395, 'E605-1', 561);
INSERT INTO `tb_bed` VALUES (3396, 'E605-2', 561);
INSERT INTO `tb_bed` VALUES (3397, 'E605-3', 561);
INSERT INTO `tb_bed` VALUES (3398, 'E605-4', 561);
INSERT INTO `tb_bed` VALUES (3399, 'E605-5', 561);
INSERT INTO `tb_bed` VALUES (3400, 'E605-6', 561);
INSERT INTO `tb_bed` VALUES (3401, 'E606-1', 562);
INSERT INTO `tb_bed` VALUES (3402, 'E606-2', 562);
INSERT INTO `tb_bed` VALUES (3403, 'E606-3', 562);
INSERT INTO `tb_bed` VALUES (3404, 'E606-4', 562);
INSERT INTO `tb_bed` VALUES (3405, 'E606-5', 562);
INSERT INTO `tb_bed` VALUES (3406, 'E606-6', 562);
INSERT INTO `tb_bed` VALUES (3407, 'E607-1', 563);
INSERT INTO `tb_bed` VALUES (3408, 'E607-2', 563);
INSERT INTO `tb_bed` VALUES (3409, 'E607-3', 563);
INSERT INTO `tb_bed` VALUES (3410, 'E607-4', 563);
INSERT INTO `tb_bed` VALUES (3411, 'E607-5', 563);
INSERT INTO `tb_bed` VALUES (3412, 'E607-6', 563);
INSERT INTO `tb_bed` VALUES (3413, 'E608-1', 564);
INSERT INTO `tb_bed` VALUES (3414, 'E608-2', 564);
INSERT INTO `tb_bed` VALUES (3415, 'E608-3', 564);
INSERT INTO `tb_bed` VALUES (3416, 'E608-4', 564);
INSERT INTO `tb_bed` VALUES (3417, 'E608-5', 564);
INSERT INTO `tb_bed` VALUES (3418, 'E608-6', 564);
INSERT INTO `tb_bed` VALUES (3419, 'E609-1', 565);
INSERT INTO `tb_bed` VALUES (3420, 'E609-2', 565);
INSERT INTO `tb_bed` VALUES (3421, 'E609-3', 565);
INSERT INTO `tb_bed` VALUES (3422, 'E609-4', 565);
INSERT INTO `tb_bed` VALUES (3423, 'E609-5', 565);
INSERT INTO `tb_bed` VALUES (3424, 'E609-6', 565);
INSERT INTO `tb_bed` VALUES (3425, 'E610-1', 566);
INSERT INTO `tb_bed` VALUES (3426, 'E610-2', 566);
INSERT INTO `tb_bed` VALUES (3427, 'E610-3', 566);
INSERT INTO `tb_bed` VALUES (3428, 'E610-4', 566);
INSERT INTO `tb_bed` VALUES (3429, 'E610-5', 566);
INSERT INTO `tb_bed` VALUES (3430, 'E610-6', 566);
INSERT INTO `tb_bed` VALUES (3431, 'E701-1', 567);
INSERT INTO `tb_bed` VALUES (3432, 'E701-2', 567);
INSERT INTO `tb_bed` VALUES (3433, 'E701-3', 567);
INSERT INTO `tb_bed` VALUES (3434, 'E701-4', 567);
INSERT INTO `tb_bed` VALUES (3435, 'E701-5', 567);
INSERT INTO `tb_bed` VALUES (3436, 'E701-6', 567);
INSERT INTO `tb_bed` VALUES (3437, 'E702-1', 568);
INSERT INTO `tb_bed` VALUES (3438, 'E702-2', 568);
INSERT INTO `tb_bed` VALUES (3439, 'E702-3', 568);
INSERT INTO `tb_bed` VALUES (3440, 'E702-4', 568);
INSERT INTO `tb_bed` VALUES (3441, 'E702-5', 568);
INSERT INTO `tb_bed` VALUES (3442, 'E702-6', 568);
INSERT INTO `tb_bed` VALUES (3443, 'E703-1', 569);
INSERT INTO `tb_bed` VALUES (3444, 'E703-2', 569);
INSERT INTO `tb_bed` VALUES (3445, 'E703-3', 569);
INSERT INTO `tb_bed` VALUES (3446, 'E703-4', 569);
INSERT INTO `tb_bed` VALUES (3447, 'E703-5', 569);
INSERT INTO `tb_bed` VALUES (3448, 'E703-6', 569);
INSERT INTO `tb_bed` VALUES (3449, 'E704-1', 570);
INSERT INTO `tb_bed` VALUES (3450, 'E704-2', 570);
INSERT INTO `tb_bed` VALUES (3451, 'E704-3', 570);
INSERT INTO `tb_bed` VALUES (3452, 'E704-4', 570);
INSERT INTO `tb_bed` VALUES (3453, 'E704-5', 570);
INSERT INTO `tb_bed` VALUES (3454, 'E704-6', 570);
INSERT INTO `tb_bed` VALUES (3455, 'E705-1', 571);
INSERT INTO `tb_bed` VALUES (3456, 'E705-2', 571);
INSERT INTO `tb_bed` VALUES (3457, 'E705-3', 571);
INSERT INTO `tb_bed` VALUES (3458, 'E705-4', 571);
INSERT INTO `tb_bed` VALUES (3459, 'E705-5', 571);
INSERT INTO `tb_bed` VALUES (3460, 'E705-6', 571);
INSERT INTO `tb_bed` VALUES (3461, 'E706-1', 572);
INSERT INTO `tb_bed` VALUES (3462, 'E706-2', 572);
INSERT INTO `tb_bed` VALUES (3463, 'E706-3', 572);
INSERT INTO `tb_bed` VALUES (3464, 'E706-4', 572);
INSERT INTO `tb_bed` VALUES (3465, 'E706-5', 572);
INSERT INTO `tb_bed` VALUES (3466, 'E706-6', 572);
INSERT INTO `tb_bed` VALUES (3467, 'E707-1', 573);
INSERT INTO `tb_bed` VALUES (3468, 'E707-2', 573);
INSERT INTO `tb_bed` VALUES (3469, 'E707-3', 573);
INSERT INTO `tb_bed` VALUES (3470, 'E707-4', 573);
INSERT INTO `tb_bed` VALUES (3471, 'E707-5', 573);
INSERT INTO `tb_bed` VALUES (3472, 'E707-6', 573);
INSERT INTO `tb_bed` VALUES (3473, 'E708-1', 574);
INSERT INTO `tb_bed` VALUES (3474, 'E708-2', 574);
INSERT INTO `tb_bed` VALUES (3475, 'E708-3', 574);
INSERT INTO `tb_bed` VALUES (3476, 'E708-4', 574);
INSERT INTO `tb_bed` VALUES (3477, 'E708-5', 574);
INSERT INTO `tb_bed` VALUES (3478, 'E708-6', 574);
INSERT INTO `tb_bed` VALUES (3479, 'E709-1', 575);
INSERT INTO `tb_bed` VALUES (3480, 'E709-2', 575);
INSERT INTO `tb_bed` VALUES (3481, 'E709-3', 575);
INSERT INTO `tb_bed` VALUES (3482, 'E709-4', 575);
INSERT INTO `tb_bed` VALUES (3483, 'E709-5', 575);
INSERT INTO `tb_bed` VALUES (3484, 'E709-6', 575);
INSERT INTO `tb_bed` VALUES (3485, 'E710-1', 576);
INSERT INTO `tb_bed` VALUES (3486, 'E710-2', 576);
INSERT INTO `tb_bed` VALUES (3487, 'E710-3', 576);
INSERT INTO `tb_bed` VALUES (3488, 'E710-4', 576);
INSERT INTO `tb_bed` VALUES (3489, 'E710-5', 576);
INSERT INTO `tb_bed` VALUES (3490, 'E710-6', 576);
INSERT INTO `tb_bed` VALUES (3491, 'E801-1', 577);
INSERT INTO `tb_bed` VALUES (3492, 'E801-2', 577);
INSERT INTO `tb_bed` VALUES (3493, 'E801-3', 577);
INSERT INTO `tb_bed` VALUES (3494, 'E801-4', 577);
INSERT INTO `tb_bed` VALUES (3495, 'E801-5', 577);
INSERT INTO `tb_bed` VALUES (3496, 'E801-6', 577);
INSERT INTO `tb_bed` VALUES (3497, 'E802-1', 578);
INSERT INTO `tb_bed` VALUES (3498, 'E802-2', 578);
INSERT INTO `tb_bed` VALUES (3499, 'E802-3', 578);
INSERT INTO `tb_bed` VALUES (3500, 'E802-4', 578);
INSERT INTO `tb_bed` VALUES (3501, 'E802-5', 578);
INSERT INTO `tb_bed` VALUES (3502, 'E802-6', 578);
INSERT INTO `tb_bed` VALUES (3503, 'E803-1', 579);
INSERT INTO `tb_bed` VALUES (3504, 'E803-2', 579);
INSERT INTO `tb_bed` VALUES (3505, 'E803-3', 579);
INSERT INTO `tb_bed` VALUES (3506, 'E803-4', 579);
INSERT INTO `tb_bed` VALUES (3507, 'E803-5', 579);
INSERT INTO `tb_bed` VALUES (3508, 'E803-6', 579);
INSERT INTO `tb_bed` VALUES (3509, 'E804-1', 580);
INSERT INTO `tb_bed` VALUES (3510, 'E804-2', 580);
INSERT INTO `tb_bed` VALUES (3511, 'E804-3', 580);
INSERT INTO `tb_bed` VALUES (3512, 'E804-4', 580);
INSERT INTO `tb_bed` VALUES (3513, 'E804-5', 580);
INSERT INTO `tb_bed` VALUES (3514, 'E804-6', 580);
INSERT INTO `tb_bed` VALUES (3515, 'E805-1', 581);
INSERT INTO `tb_bed` VALUES (3516, 'E805-2', 581);
INSERT INTO `tb_bed` VALUES (3517, 'E805-3', 581);
INSERT INTO `tb_bed` VALUES (3518, 'E805-4', 581);
INSERT INTO `tb_bed` VALUES (3519, 'E805-5', 581);
INSERT INTO `tb_bed` VALUES (3520, 'E805-6', 581);
INSERT INTO `tb_bed` VALUES (3521, 'E806-1', 582);
INSERT INTO `tb_bed` VALUES (3522, 'E806-2', 582);
INSERT INTO `tb_bed` VALUES (3523, 'E806-3', 582);
INSERT INTO `tb_bed` VALUES (3524, 'E806-4', 582);
INSERT INTO `tb_bed` VALUES (3525, 'E806-5', 582);
INSERT INTO `tb_bed` VALUES (3526, 'E806-6', 582);
INSERT INTO `tb_bed` VALUES (3527, 'E807-1', 583);
INSERT INTO `tb_bed` VALUES (3528, 'E807-2', 583);
INSERT INTO `tb_bed` VALUES (3529, 'E807-3', 583);
INSERT INTO `tb_bed` VALUES (3530, 'E807-4', 583);
INSERT INTO `tb_bed` VALUES (3531, 'E807-5', 583);
INSERT INTO `tb_bed` VALUES (3532, 'E807-6', 583);
INSERT INTO `tb_bed` VALUES (3533, 'E808-1', 584);
INSERT INTO `tb_bed` VALUES (3534, 'E808-2', 584);
INSERT INTO `tb_bed` VALUES (3535, 'E808-3', 584);
INSERT INTO `tb_bed` VALUES (3536, 'E808-4', 584);
INSERT INTO `tb_bed` VALUES (3537, 'E808-5', 584);
INSERT INTO `tb_bed` VALUES (3538, 'E808-6', 584);
INSERT INTO `tb_bed` VALUES (3539, 'E809-1', 585);
INSERT INTO `tb_bed` VALUES (3540, 'E809-2', 585);
INSERT INTO `tb_bed` VALUES (3541, 'E809-3', 585);
INSERT INTO `tb_bed` VALUES (3542, 'E809-4', 585);
INSERT INTO `tb_bed` VALUES (3543, 'E809-5', 585);
INSERT INTO `tb_bed` VALUES (3544, 'E809-6', 585);
INSERT INTO `tb_bed` VALUES (3545, 'E810-1', 586);
INSERT INTO `tb_bed` VALUES (3546, 'E810-2', 586);
INSERT INTO `tb_bed` VALUES (3547, 'E810-3', 586);
INSERT INTO `tb_bed` VALUES (3548, 'E810-4', 586);
INSERT INTO `tb_bed` VALUES (3549, 'E810-5', 586);
INSERT INTO `tb_bed` VALUES (3550, 'E810-6', 586);
INSERT INTO `tb_bed` VALUES (3551, 'E901-1', 587);
INSERT INTO `tb_bed` VALUES (3552, 'E901-2', 587);
INSERT INTO `tb_bed` VALUES (3553, 'E901-3', 587);
INSERT INTO `tb_bed` VALUES (3554, 'E901-4', 587);
INSERT INTO `tb_bed` VALUES (3555, 'E901-5', 587);
INSERT INTO `tb_bed` VALUES (3556, 'E901-6', 587);
INSERT INTO `tb_bed` VALUES (3557, 'E902-1', 588);
INSERT INTO `tb_bed` VALUES (3558, 'E902-2', 588);
INSERT INTO `tb_bed` VALUES (3559, 'E902-3', 588);
INSERT INTO `tb_bed` VALUES (3560, 'E902-4', 588);
INSERT INTO `tb_bed` VALUES (3561, 'E902-5', 588);
INSERT INTO `tb_bed` VALUES (3562, 'E902-6', 588);
INSERT INTO `tb_bed` VALUES (3563, 'E903-1', 589);
INSERT INTO `tb_bed` VALUES (3564, 'E903-2', 589);
INSERT INTO `tb_bed` VALUES (3565, 'E903-3', 589);
INSERT INTO `tb_bed` VALUES (3566, 'E903-4', 589);
INSERT INTO `tb_bed` VALUES (3567, 'E903-5', 589);
INSERT INTO `tb_bed` VALUES (3568, 'E903-6', 589);
INSERT INTO `tb_bed` VALUES (3569, 'E904-1', 590);
INSERT INTO `tb_bed` VALUES (3570, 'E904-2', 590);
INSERT INTO `tb_bed` VALUES (3571, 'E904-3', 590);
INSERT INTO `tb_bed` VALUES (3572, 'E904-4', 590);
INSERT INTO `tb_bed` VALUES (3573, 'E904-5', 590);
INSERT INTO `tb_bed` VALUES (3574, 'E904-6', 590);
INSERT INTO `tb_bed` VALUES (3575, 'E905-1', 591);
INSERT INTO `tb_bed` VALUES (3576, 'E905-2', 591);
INSERT INTO `tb_bed` VALUES (3577, 'E905-3', 591);
INSERT INTO `tb_bed` VALUES (3578, 'E905-4', 591);
INSERT INTO `tb_bed` VALUES (3579, 'E905-5', 591);
INSERT INTO `tb_bed` VALUES (3580, 'E905-6', 591);
INSERT INTO `tb_bed` VALUES (3581, 'E906-1', 592);
INSERT INTO `tb_bed` VALUES (3582, 'E906-2', 592);
INSERT INTO `tb_bed` VALUES (3583, 'E906-3', 592);
INSERT INTO `tb_bed` VALUES (3584, 'E906-4', 592);
INSERT INTO `tb_bed` VALUES (3585, 'E906-5', 592);
INSERT INTO `tb_bed` VALUES (3586, 'E906-6', 592);
INSERT INTO `tb_bed` VALUES (3587, 'E907-1', 593);
INSERT INTO `tb_bed` VALUES (3588, 'E907-2', 593);
INSERT INTO `tb_bed` VALUES (3589, 'E907-3', 593);
INSERT INTO `tb_bed` VALUES (3590, 'E907-4', 593);
INSERT INTO `tb_bed` VALUES (3591, 'E907-5', 593);
INSERT INTO `tb_bed` VALUES (3592, 'E907-6', 593);
INSERT INTO `tb_bed` VALUES (3593, 'E908-1', 594);
INSERT INTO `tb_bed` VALUES (3594, 'E908-2', 594);
INSERT INTO `tb_bed` VALUES (3595, 'E908-3', 594);
INSERT INTO `tb_bed` VALUES (3596, 'E908-4', 594);
INSERT INTO `tb_bed` VALUES (3597, 'E908-5', 594);
INSERT INTO `tb_bed` VALUES (3598, 'E908-6', 594);
INSERT INTO `tb_bed` VALUES (3599, 'E909-1', 595);
INSERT INTO `tb_bed` VALUES (3600, 'E909-2', 595);
INSERT INTO `tb_bed` VALUES (3601, 'E909-3', 595);
INSERT INTO `tb_bed` VALUES (3602, 'E909-4', 595);
INSERT INTO `tb_bed` VALUES (3603, 'E909-5', 595);
INSERT INTO `tb_bed` VALUES (3604, 'E909-6', 595);
INSERT INTO `tb_bed` VALUES (3605, 'E910-1', 596);
INSERT INTO `tb_bed` VALUES (3606, 'E910-2', 596);
INSERT INTO `tb_bed` VALUES (3607, 'E910-3', 596);
INSERT INTO `tb_bed` VALUES (3608, 'E910-4', 596);
INSERT INTO `tb_bed` VALUES (3609, 'E910-5', 596);
INSERT INTO `tb_bed` VALUES (3610, 'E910-6', 596);
INSERT INTO `tb_bed` VALUES (3611, 'E1001-1', 597);
INSERT INTO `tb_bed` VALUES (3612, 'E1001-2', 597);
INSERT INTO `tb_bed` VALUES (3613, 'E1001-3', 597);
INSERT INTO `tb_bed` VALUES (3614, 'E1001-4', 597);
INSERT INTO `tb_bed` VALUES (3615, 'E1001-5', 597);
INSERT INTO `tb_bed` VALUES (3616, 'E1001-6', 597);
INSERT INTO `tb_bed` VALUES (3617, 'E1002-1', 598);
INSERT INTO `tb_bed` VALUES (3618, 'E1002-2', 598);
INSERT INTO `tb_bed` VALUES (3619, 'E1002-3', 598);
INSERT INTO `tb_bed` VALUES (3620, 'E1002-4', 598);
INSERT INTO `tb_bed` VALUES (3621, 'E1002-5', 598);
INSERT INTO `tb_bed` VALUES (3622, 'E1002-6', 598);
INSERT INTO `tb_bed` VALUES (3623, 'E1003-1', 599);
INSERT INTO `tb_bed` VALUES (3624, 'E1003-2', 599);
INSERT INTO `tb_bed` VALUES (3625, 'E1003-3', 599);
INSERT INTO `tb_bed` VALUES (3626, 'E1003-4', 599);
INSERT INTO `tb_bed` VALUES (3627, 'E1003-5', 599);
INSERT INTO `tb_bed` VALUES (3628, 'E1003-6', 599);
INSERT INTO `tb_bed` VALUES (3629, 'E1004-1', 600);
INSERT INTO `tb_bed` VALUES (3630, 'E1004-2', 600);
INSERT INTO `tb_bed` VALUES (3631, 'E1004-3', 600);
INSERT INTO `tb_bed` VALUES (3632, 'E1004-4', 600);
INSERT INTO `tb_bed` VALUES (3633, 'E1004-5', 600);
INSERT INTO `tb_bed` VALUES (3634, 'E1004-6', 600);
INSERT INTO `tb_bed` VALUES (3635, 'E1005-1', 601);
INSERT INTO `tb_bed` VALUES (3636, 'E1005-2', 601);
INSERT INTO `tb_bed` VALUES (3637, 'E1005-3', 601);
INSERT INTO `tb_bed` VALUES (3638, 'E1005-4', 601);
INSERT INTO `tb_bed` VALUES (3639, 'E1005-5', 601);
INSERT INTO `tb_bed` VALUES (3640, 'E1005-6', 601);
INSERT INTO `tb_bed` VALUES (3641, 'E1006-1', 602);
INSERT INTO `tb_bed` VALUES (3642, 'E1006-2', 602);
INSERT INTO `tb_bed` VALUES (3643, 'E1006-3', 602);
INSERT INTO `tb_bed` VALUES (3644, 'E1006-4', 602);
INSERT INTO `tb_bed` VALUES (3645, 'E1006-5', 602);
INSERT INTO `tb_bed` VALUES (3646, 'E1006-6', 602);
INSERT INTO `tb_bed` VALUES (3647, 'E1007-1', 603);
INSERT INTO `tb_bed` VALUES (3648, 'E1007-2', 603);
INSERT INTO `tb_bed` VALUES (3649, 'E1007-3', 603);
INSERT INTO `tb_bed` VALUES (3650, 'E1007-4', 603);
INSERT INTO `tb_bed` VALUES (3651, 'E1007-5', 603);
INSERT INTO `tb_bed` VALUES (3652, 'E1007-6', 603);
INSERT INTO `tb_bed` VALUES (3653, 'E1008-1', 604);
INSERT INTO `tb_bed` VALUES (3654, 'E1008-2', 604);
INSERT INTO `tb_bed` VALUES (3655, 'E1008-3', 604);
INSERT INTO `tb_bed` VALUES (3656, 'E1008-4', 604);
INSERT INTO `tb_bed` VALUES (3657, 'E1008-5', 604);
INSERT INTO `tb_bed` VALUES (3658, 'E1008-6', 604);
INSERT INTO `tb_bed` VALUES (3659, 'E1009-1', 605);
INSERT INTO `tb_bed` VALUES (3660, 'E1009-2', 605);
INSERT INTO `tb_bed` VALUES (3661, 'E1009-3', 605);
INSERT INTO `tb_bed` VALUES (3662, 'E1009-4', 605);
INSERT INTO `tb_bed` VALUES (3663, 'E1009-5', 605);
INSERT INTO `tb_bed` VALUES (3664, 'E1009-6', 605);
INSERT INTO `tb_bed` VALUES (3665, 'E1010-1', 606);
INSERT INTO `tb_bed` VALUES (3666, 'E1010-2', 606);
INSERT INTO `tb_bed` VALUES (3667, 'E1010-3', 606);
INSERT INTO `tb_bed` VALUES (3668, 'E1010-4', 606);
INSERT INTO `tb_bed` VALUES (3669, 'E1010-5', 606);
INSERT INTO `tb_bed` VALUES (3670, 'E1010-6', 606);
INSERT INTO `tb_bed` VALUES (3761, 'A201-1', 622);
INSERT INTO `tb_bed` VALUES (3762, 'A201-2', 622);
INSERT INTO `tb_bed` VALUES (3763, 'A201-3', 622);
INSERT INTO `tb_bed` VALUES (3764, 'A201-4', 622);
INSERT INTO `tb_bed` VALUES (3765, 'A201-5', 622);
INSERT INTO `tb_bed` VALUES (3766, 'A201-6', 622);
INSERT INTO `tb_bed` VALUES (3767, 'A202-1', 623);
INSERT INTO `tb_bed` VALUES (3768, 'A202-2', 623);
INSERT INTO `tb_bed` VALUES (3769, 'A202-3', 623);
INSERT INTO `tb_bed` VALUES (3770, 'A202-4', 623);
INSERT INTO `tb_bed` VALUES (3771, 'A202-5', 623);
INSERT INTO `tb_bed` VALUES (3772, 'A202-6', 623);
INSERT INTO `tb_bed` VALUES (3773, 'A203-1', 624);
INSERT INTO `tb_bed` VALUES (3774, 'A203-2', 624);
INSERT INTO `tb_bed` VALUES (3775, 'A203-3', 624);
INSERT INTO `tb_bed` VALUES (3776, 'A203-4', 624);
INSERT INTO `tb_bed` VALUES (3777, 'A203-5', 624);
INSERT INTO `tb_bed` VALUES (3778, 'A203-6', 624);
INSERT INTO `tb_bed` VALUES (3779, 'A204-1', 625);
INSERT INTO `tb_bed` VALUES (3780, 'A204-2', 625);
INSERT INTO `tb_bed` VALUES (3781, 'A204-3', 625);
INSERT INTO `tb_bed` VALUES (3782, 'A204-4', 625);
INSERT INTO `tb_bed` VALUES (3783, 'A204-5', 625);
INSERT INTO `tb_bed` VALUES (3784, 'A204-6', 625);
INSERT INTO `tb_bed` VALUES (3785, 'A205-1', 626);
INSERT INTO `tb_bed` VALUES (3786, 'A205-2', 626);
INSERT INTO `tb_bed` VALUES (3787, 'A205-3', 626);
INSERT INTO `tb_bed` VALUES (3788, 'A205-4', 626);
INSERT INTO `tb_bed` VALUES (3789, 'A205-5', 626);
INSERT INTO `tb_bed` VALUES (3790, 'A205-6', 626);
INSERT INTO `tb_bed` VALUES (3791, 'A206-1', 627);
INSERT INTO `tb_bed` VALUES (3792, 'A206-2', 627);
INSERT INTO `tb_bed` VALUES (3793, 'A206-3', 627);
INSERT INTO `tb_bed` VALUES (3794, 'A206-4', 627);
INSERT INTO `tb_bed` VALUES (3795, 'A206-5', 627);
INSERT INTO `tb_bed` VALUES (3796, 'A206-6', 627);
INSERT INTO `tb_bed` VALUES (3797, 'A207-1', 628);
INSERT INTO `tb_bed` VALUES (3798, 'A207-2', 628);
INSERT INTO `tb_bed` VALUES (3799, 'A207-3', 628);
INSERT INTO `tb_bed` VALUES (3800, 'A207-4', 628);
INSERT INTO `tb_bed` VALUES (3801, 'A207-5', 628);
INSERT INTO `tb_bed` VALUES (3802, 'A207-6', 628);
INSERT INTO `tb_bed` VALUES (3803, 'A208-1', 629);
INSERT INTO `tb_bed` VALUES (3804, 'A208-2', 629);
INSERT INTO `tb_bed` VALUES (3805, 'A208-3', 629);
INSERT INTO `tb_bed` VALUES (3806, 'A208-4', 629);
INSERT INTO `tb_bed` VALUES (3807, 'A208-5', 629);
INSERT INTO `tb_bed` VALUES (3808, 'A208-6', 629);
INSERT INTO `tb_bed` VALUES (3809, 'A209-1', 630);
INSERT INTO `tb_bed` VALUES (3810, 'A209-2', 630);
INSERT INTO `tb_bed` VALUES (3811, 'A209-3', 630);
INSERT INTO `tb_bed` VALUES (3812, 'A209-4', 630);
INSERT INTO `tb_bed` VALUES (3813, 'A209-5', 630);
INSERT INTO `tb_bed` VALUES (3814, 'A209-6', 630);
INSERT INTO `tb_bed` VALUES (3815, 'A210-1', 631);
INSERT INTO `tb_bed` VALUES (3816, 'A210-2', 631);
INSERT INTO `tb_bed` VALUES (3817, 'A210-3', 631);
INSERT INTO `tb_bed` VALUES (3818, 'A210-4', 631);
INSERT INTO `tb_bed` VALUES (3819, 'A210-5', 631);
INSERT INTO `tb_bed` VALUES (3820, 'A210-6', 631);
INSERT INTO `tb_bed` VALUES (3821, 'A301-1', 632);
INSERT INTO `tb_bed` VALUES (3822, 'A301-2', 632);
INSERT INTO `tb_bed` VALUES (3823, 'A301-3', 632);
INSERT INTO `tb_bed` VALUES (3824, 'A301-4', 632);
INSERT INTO `tb_bed` VALUES (3825, 'A301-5', 632);
INSERT INTO `tb_bed` VALUES (3826, 'A301-6', 632);
INSERT INTO `tb_bed` VALUES (3827, 'A302-1', 633);
INSERT INTO `tb_bed` VALUES (3828, 'A302-2', 633);
INSERT INTO `tb_bed` VALUES (3829, 'A302-3', 633);
INSERT INTO `tb_bed` VALUES (3830, 'A302-4', 633);
INSERT INTO `tb_bed` VALUES (3831, 'A302-5', 633);
INSERT INTO `tb_bed` VALUES (3832, 'A302-6', 633);
INSERT INTO `tb_bed` VALUES (3833, 'A303-1', 634);
INSERT INTO `tb_bed` VALUES (3834, 'A303-2', 634);
INSERT INTO `tb_bed` VALUES (3835, 'A303-3', 634);
INSERT INTO `tb_bed` VALUES (3836, 'A303-4', 634);
INSERT INTO `tb_bed` VALUES (3837, 'A303-5', 634);
INSERT INTO `tb_bed` VALUES (3838, 'A303-6', 634);
INSERT INTO `tb_bed` VALUES (3839, 'A304-1', 635);
INSERT INTO `tb_bed` VALUES (3840, 'A304-2', 635);
INSERT INTO `tb_bed` VALUES (3841, 'A304-3', 635);
INSERT INTO `tb_bed` VALUES (3842, 'A304-4', 635);
INSERT INTO `tb_bed` VALUES (3843, 'A304-5', 635);
INSERT INTO `tb_bed` VALUES (3844, 'A304-6', 635);
INSERT INTO `tb_bed` VALUES (3845, 'A305-1', 636);
INSERT INTO `tb_bed` VALUES (3846, 'A305-2', 636);
INSERT INTO `tb_bed` VALUES (3847, 'A305-3', 636);
INSERT INTO `tb_bed` VALUES (3848, 'A305-4', 636);
INSERT INTO `tb_bed` VALUES (3849, 'A305-5', 636);
INSERT INTO `tb_bed` VALUES (3850, 'A305-6', 636);
INSERT INTO `tb_bed` VALUES (3851, 'A306-1', 637);
INSERT INTO `tb_bed` VALUES (3852, 'A306-2', 637);
INSERT INTO `tb_bed` VALUES (3853, 'A306-3', 637);
INSERT INTO `tb_bed` VALUES (3854, 'A306-4', 637);
INSERT INTO `tb_bed` VALUES (3855, 'A306-5', 637);
INSERT INTO `tb_bed` VALUES (3856, 'A306-6', 637);
INSERT INTO `tb_bed` VALUES (3857, 'A307-1', 638);
INSERT INTO `tb_bed` VALUES (3858, 'A307-2', 638);
INSERT INTO `tb_bed` VALUES (3859, 'A307-3', 638);
INSERT INTO `tb_bed` VALUES (3860, 'A307-4', 638);
INSERT INTO `tb_bed` VALUES (3861, 'A307-5', 638);
INSERT INTO `tb_bed` VALUES (3862, 'A307-6', 638);
INSERT INTO `tb_bed` VALUES (3863, 'A308-1', 639);
INSERT INTO `tb_bed` VALUES (3864, 'A308-2', 639);
INSERT INTO `tb_bed` VALUES (3865, 'A308-3', 639);
INSERT INTO `tb_bed` VALUES (3866, 'A308-4', 639);
INSERT INTO `tb_bed` VALUES (3867, 'A308-5', 639);
INSERT INTO `tb_bed` VALUES (3868, 'A308-6', 639);
INSERT INTO `tb_bed` VALUES (3869, 'A309-1', 640);
INSERT INTO `tb_bed` VALUES (3870, 'A309-2', 640);
INSERT INTO `tb_bed` VALUES (3871, 'A309-3', 640);
INSERT INTO `tb_bed` VALUES (3872, 'A309-4', 640);
INSERT INTO `tb_bed` VALUES (3873, 'A309-5', 640);
INSERT INTO `tb_bed` VALUES (3874, 'A309-6', 640);
INSERT INTO `tb_bed` VALUES (3875, 'A310-1', 641);
INSERT INTO `tb_bed` VALUES (3876, 'A310-2', 641);
INSERT INTO `tb_bed` VALUES (3877, 'A310-3', 641);
INSERT INTO `tb_bed` VALUES (3878, 'A310-4', 641);
INSERT INTO `tb_bed` VALUES (3879, 'A310-5', 641);
INSERT INTO `tb_bed` VALUES (3880, 'A310-6', 641);
INSERT INTO `tb_bed` VALUES (3881, 'A401-1', 642);
INSERT INTO `tb_bed` VALUES (3882, 'A401-2', 642);
INSERT INTO `tb_bed` VALUES (3883, 'A401-3', 642);
INSERT INTO `tb_bed` VALUES (3884, 'A401-4', 642);
INSERT INTO `tb_bed` VALUES (3885, 'A401-5', 642);
INSERT INTO `tb_bed` VALUES (3886, 'A401-6', 642);
INSERT INTO `tb_bed` VALUES (3887, 'A402-1', 643);
INSERT INTO `tb_bed` VALUES (3888, 'A402-2', 643);
INSERT INTO `tb_bed` VALUES (3889, 'A402-3', 643);
INSERT INTO `tb_bed` VALUES (3890, 'A402-4', 643);
INSERT INTO `tb_bed` VALUES (3891, 'A402-5', 643);
INSERT INTO `tb_bed` VALUES (3892, 'A402-6', 643);
INSERT INTO `tb_bed` VALUES (3893, 'A403-1', 644);
INSERT INTO `tb_bed` VALUES (3894, 'A403-2', 644);
INSERT INTO `tb_bed` VALUES (3895, 'A403-3', 644);
INSERT INTO `tb_bed` VALUES (3896, 'A403-4', 644);
INSERT INTO `tb_bed` VALUES (3897, 'A403-5', 644);
INSERT INTO `tb_bed` VALUES (3898, 'A403-6', 644);
INSERT INTO `tb_bed` VALUES (3899, 'A404-1', 645);
INSERT INTO `tb_bed` VALUES (3900, 'A404-2', 645);
INSERT INTO `tb_bed` VALUES (3901, 'A404-3', 645);
INSERT INTO `tb_bed` VALUES (3902, 'A404-4', 645);
INSERT INTO `tb_bed` VALUES (3903, 'A404-5', 645);
INSERT INTO `tb_bed` VALUES (3904, 'A404-6', 645);
INSERT INTO `tb_bed` VALUES (3905, 'A405-1', 646);
INSERT INTO `tb_bed` VALUES (3906, 'A405-2', 646);
INSERT INTO `tb_bed` VALUES (3907, 'A405-3', 646);
INSERT INTO `tb_bed` VALUES (3908, 'A405-4', 646);
INSERT INTO `tb_bed` VALUES (3909, 'A405-5', 646);
INSERT INTO `tb_bed` VALUES (3910, 'A405-6', 646);
INSERT INTO `tb_bed` VALUES (3911, 'A406-1', 647);
INSERT INTO `tb_bed` VALUES (3912, 'A406-2', 647);
INSERT INTO `tb_bed` VALUES (3913, 'A406-3', 647);
INSERT INTO `tb_bed` VALUES (3914, 'A406-4', 647);
INSERT INTO `tb_bed` VALUES (3915, 'A406-5', 647);
INSERT INTO `tb_bed` VALUES (3916, 'A406-6', 647);
INSERT INTO `tb_bed` VALUES (3917, 'A407-1', 648);
INSERT INTO `tb_bed` VALUES (3918, 'A407-2', 648);
INSERT INTO `tb_bed` VALUES (3919, 'A407-3', 648);
INSERT INTO `tb_bed` VALUES (3920, 'A407-4', 648);
INSERT INTO `tb_bed` VALUES (3921, 'A407-5', 648);
INSERT INTO `tb_bed` VALUES (3922, 'A407-6', 648);
INSERT INTO `tb_bed` VALUES (3923, 'A408-1', 649);
INSERT INTO `tb_bed` VALUES (3924, 'A408-2', 649);
INSERT INTO `tb_bed` VALUES (3925, 'A408-3', 649);
INSERT INTO `tb_bed` VALUES (3926, 'A408-4', 649);
INSERT INTO `tb_bed` VALUES (3927, 'A408-5', 649);
INSERT INTO `tb_bed` VALUES (3928, 'A408-6', 649);
INSERT INTO `tb_bed` VALUES (3929, 'A409-1', 650);
INSERT INTO `tb_bed` VALUES (3930, 'A409-2', 650);
INSERT INTO `tb_bed` VALUES (3931, 'A409-3', 650);
INSERT INTO `tb_bed` VALUES (3932, 'A409-4', 650);
INSERT INTO `tb_bed` VALUES (3933, 'A409-5', 650);
INSERT INTO `tb_bed` VALUES (3934, 'A409-6', 650);
INSERT INTO `tb_bed` VALUES (3935, 'A410-1', 651);
INSERT INTO `tb_bed` VALUES (3936, 'A410-2', 651);
INSERT INTO `tb_bed` VALUES (3937, 'A410-3', 651);
INSERT INTO `tb_bed` VALUES (3938, 'A410-4', 651);
INSERT INTO `tb_bed` VALUES (3939, 'A410-5', 651);
INSERT INTO `tb_bed` VALUES (3940, 'A410-6', 651);
INSERT INTO `tb_bed` VALUES (3941, 'A501-1', 652);
INSERT INTO `tb_bed` VALUES (3942, 'A501-2', 652);
INSERT INTO `tb_bed` VALUES (3943, 'A501-3', 652);
INSERT INTO `tb_bed` VALUES (3944, 'A501-4', 652);
INSERT INTO `tb_bed` VALUES (3945, 'A501-5', 652);
INSERT INTO `tb_bed` VALUES (3946, 'A501-6', 652);
INSERT INTO `tb_bed` VALUES (3947, 'A502-1', 653);
INSERT INTO `tb_bed` VALUES (3948, 'A502-2', 653);
INSERT INTO `tb_bed` VALUES (3949, 'A502-3', 653);
INSERT INTO `tb_bed` VALUES (3950, 'A502-4', 653);
INSERT INTO `tb_bed` VALUES (3951, 'A502-5', 653);
INSERT INTO `tb_bed` VALUES (3952, 'A502-6', 653);
INSERT INTO `tb_bed` VALUES (3953, 'A503-1', 654);
INSERT INTO `tb_bed` VALUES (3954, 'A503-2', 654);
INSERT INTO `tb_bed` VALUES (3955, 'A503-3', 654);
INSERT INTO `tb_bed` VALUES (3956, 'A503-4', 654);
INSERT INTO `tb_bed` VALUES (3957, 'A503-5', 654);
INSERT INTO `tb_bed` VALUES (3958, 'A503-6', 654);
INSERT INTO `tb_bed` VALUES (3959, 'A504-1', 655);
INSERT INTO `tb_bed` VALUES (3960, 'A504-2', 655);
INSERT INTO `tb_bed` VALUES (3961, 'A504-3', 655);
INSERT INTO `tb_bed` VALUES (3962, 'A504-4', 655);
INSERT INTO `tb_bed` VALUES (3963, 'A504-5', 655);
INSERT INTO `tb_bed` VALUES (3964, 'A504-6', 655);
INSERT INTO `tb_bed` VALUES (3965, 'A505-1', 656);
INSERT INTO `tb_bed` VALUES (3966, 'A505-2', 656);
INSERT INTO `tb_bed` VALUES (3967, 'A505-3', 656);
INSERT INTO `tb_bed` VALUES (3968, 'A505-4', 656);
INSERT INTO `tb_bed` VALUES (3969, 'A505-5', 656);
INSERT INTO `tb_bed` VALUES (3970, 'A505-6', 656);
INSERT INTO `tb_bed` VALUES (3971, 'A506-1', 657);
INSERT INTO `tb_bed` VALUES (3972, 'A506-2', 657);
INSERT INTO `tb_bed` VALUES (3973, 'A506-3', 657);
INSERT INTO `tb_bed` VALUES (3974, 'A506-4', 657);
INSERT INTO `tb_bed` VALUES (3975, 'A506-5', 657);
INSERT INTO `tb_bed` VALUES (3976, 'A506-6', 657);
INSERT INTO `tb_bed` VALUES (3977, 'A507-1', 658);
INSERT INTO `tb_bed` VALUES (3978, 'A507-2', 658);
INSERT INTO `tb_bed` VALUES (3979, 'A507-3', 658);
INSERT INTO `tb_bed` VALUES (3980, 'A507-4', 658);
INSERT INTO `tb_bed` VALUES (3981, 'A507-5', 658);
INSERT INTO `tb_bed` VALUES (3982, 'A507-6', 658);
INSERT INTO `tb_bed` VALUES (3983, 'A508-1', 659);
INSERT INTO `tb_bed` VALUES (3984, 'A508-2', 659);
INSERT INTO `tb_bed` VALUES (3985, 'A508-3', 659);
INSERT INTO `tb_bed` VALUES (3986, 'A508-4', 659);
INSERT INTO `tb_bed` VALUES (3987, 'A508-5', 659);
INSERT INTO `tb_bed` VALUES (3988, 'A508-6', 659);
INSERT INTO `tb_bed` VALUES (3989, 'A509-1', 660);
INSERT INTO `tb_bed` VALUES (3990, 'A509-2', 660);
INSERT INTO `tb_bed` VALUES (3991, 'A509-3', 660);
INSERT INTO `tb_bed` VALUES (3992, 'A509-4', 660);
INSERT INTO `tb_bed` VALUES (3993, 'A509-5', 660);
INSERT INTO `tb_bed` VALUES (3994, 'A509-6', 660);
INSERT INTO `tb_bed` VALUES (3995, 'A510-1', 661);
INSERT INTO `tb_bed` VALUES (3996, 'A510-2', 661);
INSERT INTO `tb_bed` VALUES (3997, 'A510-3', 661);
INSERT INTO `tb_bed` VALUES (3998, 'A510-4', 661);
INSERT INTO `tb_bed` VALUES (3999, 'A510-5', 661);
INSERT INTO `tb_bed` VALUES (4000, 'A510-6', 661);
INSERT INTO `tb_bed` VALUES (4001, 'A601-1', 662);
INSERT INTO `tb_bed` VALUES (4002, 'A601-2', 662);
INSERT INTO `tb_bed` VALUES (4003, 'A601-3', 662);
INSERT INTO `tb_bed` VALUES (4004, 'A601-4', 662);
INSERT INTO `tb_bed` VALUES (4005, 'A601-5', 662);
INSERT INTO `tb_bed` VALUES (4006, 'A601-6', 662);
INSERT INTO `tb_bed` VALUES (4007, 'A602-1', 663);
INSERT INTO `tb_bed` VALUES (4008, 'A602-2', 663);
INSERT INTO `tb_bed` VALUES (4009, 'A602-3', 663);
INSERT INTO `tb_bed` VALUES (4010, 'A602-4', 663);
INSERT INTO `tb_bed` VALUES (4011, 'A602-5', 663);
INSERT INTO `tb_bed` VALUES (4012, 'A602-6', 663);
INSERT INTO `tb_bed` VALUES (4013, 'A603-1', 664);
INSERT INTO `tb_bed` VALUES (4014, 'A603-2', 664);
INSERT INTO `tb_bed` VALUES (4015, 'A603-3', 664);
INSERT INTO `tb_bed` VALUES (4016, 'A603-4', 664);
INSERT INTO `tb_bed` VALUES (4017, 'A603-5', 664);
INSERT INTO `tb_bed` VALUES (4018, 'A603-6', 664);
INSERT INTO `tb_bed` VALUES (4019, 'A604-1', 665);
INSERT INTO `tb_bed` VALUES (4020, 'A604-2', 665);
INSERT INTO `tb_bed` VALUES (4021, 'A604-3', 665);
INSERT INTO `tb_bed` VALUES (4022, 'A604-4', 665);
INSERT INTO `tb_bed` VALUES (4023, 'A604-5', 665);
INSERT INTO `tb_bed` VALUES (4024, 'A604-6', 665);
INSERT INTO `tb_bed` VALUES (4025, 'A605-1', 666);
INSERT INTO `tb_bed` VALUES (4026, 'A605-2', 666);
INSERT INTO `tb_bed` VALUES (4027, 'A605-3', 666);
INSERT INTO `tb_bed` VALUES (4028, 'A605-4', 666);
INSERT INTO `tb_bed` VALUES (4029, 'A605-5', 666);
INSERT INTO `tb_bed` VALUES (4030, 'A605-6', 666);
INSERT INTO `tb_bed` VALUES (4031, 'A606-1', 667);
INSERT INTO `tb_bed` VALUES (4032, 'A606-2', 667);
INSERT INTO `tb_bed` VALUES (4033, 'A606-3', 667);
INSERT INTO `tb_bed` VALUES (4034, 'A606-4', 667);
INSERT INTO `tb_bed` VALUES (4035, 'A606-5', 667);
INSERT INTO `tb_bed` VALUES (4036, 'A606-6', 667);
INSERT INTO `tb_bed` VALUES (4037, 'A607-1', 668);
INSERT INTO `tb_bed` VALUES (4038, 'A607-2', 668);
INSERT INTO `tb_bed` VALUES (4039, 'A607-3', 668);
INSERT INTO `tb_bed` VALUES (4040, 'A607-4', 668);
INSERT INTO `tb_bed` VALUES (4041, 'A607-5', 668);
INSERT INTO `tb_bed` VALUES (4042, 'A607-6', 668);
INSERT INTO `tb_bed` VALUES (4043, 'A608-1', 669);
INSERT INTO `tb_bed` VALUES (4044, 'A608-2', 669);
INSERT INTO `tb_bed` VALUES (4045, 'A608-3', 669);
INSERT INTO `tb_bed` VALUES (4046, 'A608-4', 669);
INSERT INTO `tb_bed` VALUES (4047, 'A608-5', 669);
INSERT INTO `tb_bed` VALUES (4048, 'A608-6', 669);
INSERT INTO `tb_bed` VALUES (4049, 'A609-1', 670);
INSERT INTO `tb_bed` VALUES (4050, 'A609-2', 670);
INSERT INTO `tb_bed` VALUES (4051, 'A609-3', 670);
INSERT INTO `tb_bed` VALUES (4052, 'A609-4', 670);
INSERT INTO `tb_bed` VALUES (4053, 'A609-5', 670);
INSERT INTO `tb_bed` VALUES (4054, 'A609-6', 670);
INSERT INTO `tb_bed` VALUES (4055, 'A610-1', 671);
INSERT INTO `tb_bed` VALUES (4056, 'A610-2', 671);
INSERT INTO `tb_bed` VALUES (4057, 'A610-3', 671);
INSERT INTO `tb_bed` VALUES (4058, 'A610-4', 671);
INSERT INTO `tb_bed` VALUES (4059, 'A610-5', 671);
INSERT INTO `tb_bed` VALUES (4060, 'A610-6', 671);
INSERT INTO `tb_bed` VALUES (4061, 'A701-1', 672);
INSERT INTO `tb_bed` VALUES (4062, 'A701-2', 672);
INSERT INTO `tb_bed` VALUES (4063, 'A701-3', 672);
INSERT INTO `tb_bed` VALUES (4064, 'A701-4', 672);
INSERT INTO `tb_bed` VALUES (4065, 'A701-5', 672);
INSERT INTO `tb_bed` VALUES (4066, 'A701-6', 672);
INSERT INTO `tb_bed` VALUES (4067, 'A702-1', 673);
INSERT INTO `tb_bed` VALUES (4068, 'A702-2', 673);
INSERT INTO `tb_bed` VALUES (4069, 'A702-3', 673);
INSERT INTO `tb_bed` VALUES (4070, 'A702-4', 673);
INSERT INTO `tb_bed` VALUES (4071, 'A702-5', 673);
INSERT INTO `tb_bed` VALUES (4072, 'A702-6', 673);
INSERT INTO `tb_bed` VALUES (4073, 'A703-1', 674);
INSERT INTO `tb_bed` VALUES (4074, 'A703-2', 674);
INSERT INTO `tb_bed` VALUES (4075, 'A703-3', 674);
INSERT INTO `tb_bed` VALUES (4076, 'A703-4', 674);
INSERT INTO `tb_bed` VALUES (4077, 'A703-5', 674);
INSERT INTO `tb_bed` VALUES (4078, 'A703-6', 674);
INSERT INTO `tb_bed` VALUES (4079, 'A704-1', 675);
INSERT INTO `tb_bed` VALUES (4080, 'A704-2', 675);
INSERT INTO `tb_bed` VALUES (4081, 'A704-3', 675);
INSERT INTO `tb_bed` VALUES (4082, 'A704-4', 675);
INSERT INTO `tb_bed` VALUES (4083, 'A704-5', 675);
INSERT INTO `tb_bed` VALUES (4084, 'A704-6', 675);
INSERT INTO `tb_bed` VALUES (4085, 'A705-1', 676);
INSERT INTO `tb_bed` VALUES (4086, 'A705-2', 676);
INSERT INTO `tb_bed` VALUES (4087, 'A705-3', 676);
INSERT INTO `tb_bed` VALUES (4088, 'A705-4', 676);
INSERT INTO `tb_bed` VALUES (4089, 'A705-5', 676);
INSERT INTO `tb_bed` VALUES (4090, 'A705-6', 676);
INSERT INTO `tb_bed` VALUES (4091, 'A706-1', 677);
INSERT INTO `tb_bed` VALUES (4092, 'A706-2', 677);
INSERT INTO `tb_bed` VALUES (4093, 'A706-3', 677);
INSERT INTO `tb_bed` VALUES (4094, 'A706-4', 677);
INSERT INTO `tb_bed` VALUES (4095, 'A706-5', 677);
INSERT INTO `tb_bed` VALUES (4096, 'A706-6', 677);
INSERT INTO `tb_bed` VALUES (4097, 'A707-1', 678);
INSERT INTO `tb_bed` VALUES (4098, 'A707-2', 678);
INSERT INTO `tb_bed` VALUES (4099, 'A707-3', 678);
INSERT INTO `tb_bed` VALUES (4100, 'A707-4', 678);
INSERT INTO `tb_bed` VALUES (4101, 'A707-5', 678);
INSERT INTO `tb_bed` VALUES (4102, 'A707-6', 678);
INSERT INTO `tb_bed` VALUES (4103, 'A708-1', 679);
INSERT INTO `tb_bed` VALUES (4104, 'A708-2', 679);
INSERT INTO `tb_bed` VALUES (4105, 'A708-3', 679);
INSERT INTO `tb_bed` VALUES (4106, 'A708-4', 679);
INSERT INTO `tb_bed` VALUES (4107, 'A708-5', 679);
INSERT INTO `tb_bed` VALUES (4108, 'A708-6', 679);
INSERT INTO `tb_bed` VALUES (4109, 'A709-1', 680);
INSERT INTO `tb_bed` VALUES (4110, 'A709-2', 680);
INSERT INTO `tb_bed` VALUES (4111, 'A709-3', 680);
INSERT INTO `tb_bed` VALUES (4112, 'A709-4', 680);
INSERT INTO `tb_bed` VALUES (4113, 'A709-5', 680);
INSERT INTO `tb_bed` VALUES (4114, 'A709-6', 680);
INSERT INTO `tb_bed` VALUES (4115, 'A710-1', 681);
INSERT INTO `tb_bed` VALUES (4116, 'A710-2', 681);
INSERT INTO `tb_bed` VALUES (4117, 'A710-3', 681);
INSERT INTO `tb_bed` VALUES (4118, 'A710-4', 681);
INSERT INTO `tb_bed` VALUES (4119, 'A710-5', 681);
INSERT INTO `tb_bed` VALUES (4120, 'A710-6', 681);
INSERT INTO `tb_bed` VALUES (4121, 'A801-1', 682);
INSERT INTO `tb_bed` VALUES (4122, 'A801-2', 682);
INSERT INTO `tb_bed` VALUES (4123, 'A801-3', 682);
INSERT INTO `tb_bed` VALUES (4124, 'A801-4', 682);
INSERT INTO `tb_bed` VALUES (4125, 'A801-5', 682);
INSERT INTO `tb_bed` VALUES (4126, 'A801-6', 682);
INSERT INTO `tb_bed` VALUES (4127, 'A802-1', 683);
INSERT INTO `tb_bed` VALUES (4128, 'A802-2', 683);
INSERT INTO `tb_bed` VALUES (4129, 'A802-3', 683);
INSERT INTO `tb_bed` VALUES (4130, 'A802-4', 683);
INSERT INTO `tb_bed` VALUES (4131, 'A802-5', 683);
INSERT INTO `tb_bed` VALUES (4132, 'A802-6', 683);
INSERT INTO `tb_bed` VALUES (4133, 'A803-1', 684);
INSERT INTO `tb_bed` VALUES (4134, 'A803-2', 684);
INSERT INTO `tb_bed` VALUES (4135, 'A803-3', 684);
INSERT INTO `tb_bed` VALUES (4136, 'A803-4', 684);
INSERT INTO `tb_bed` VALUES (4137, 'A803-5', 684);
INSERT INTO `tb_bed` VALUES (4138, 'A803-6', 684);
INSERT INTO `tb_bed` VALUES (4139, 'A804-1', 685);
INSERT INTO `tb_bed` VALUES (4140, 'A804-2', 685);
INSERT INTO `tb_bed` VALUES (4141, 'A804-3', 685);
INSERT INTO `tb_bed` VALUES (4142, 'A804-4', 685);
INSERT INTO `tb_bed` VALUES (4143, 'A804-5', 685);
INSERT INTO `tb_bed` VALUES (4144, 'A804-6', 685);
INSERT INTO `tb_bed` VALUES (4145, 'A805-1', 686);
INSERT INTO `tb_bed` VALUES (4146, 'A805-2', 686);
INSERT INTO `tb_bed` VALUES (4147, 'A805-3', 686);
INSERT INTO `tb_bed` VALUES (4148, 'A805-4', 686);
INSERT INTO `tb_bed` VALUES (4149, 'A805-5', 686);
INSERT INTO `tb_bed` VALUES (4150, 'A805-6', 686);
INSERT INTO `tb_bed` VALUES (4151, 'A806-1', 687);
INSERT INTO `tb_bed` VALUES (4152, 'A806-2', 687);
INSERT INTO `tb_bed` VALUES (4153, 'A806-3', 687);
INSERT INTO `tb_bed` VALUES (4154, 'A806-4', 687);
INSERT INTO `tb_bed` VALUES (4155, 'A806-5', 687);
INSERT INTO `tb_bed` VALUES (4156, 'A806-6', 687);
INSERT INTO `tb_bed` VALUES (4157, 'A807-1', 688);
INSERT INTO `tb_bed` VALUES (4158, 'A807-2', 688);
INSERT INTO `tb_bed` VALUES (4159, 'A807-3', 688);
INSERT INTO `tb_bed` VALUES (4160, 'A807-4', 688);
INSERT INTO `tb_bed` VALUES (4161, 'A807-5', 688);
INSERT INTO `tb_bed` VALUES (4162, 'A807-6', 688);
INSERT INTO `tb_bed` VALUES (4163, 'A808-1', 689);
INSERT INTO `tb_bed` VALUES (4164, 'A808-2', 689);
INSERT INTO `tb_bed` VALUES (4165, 'A808-3', 689);
INSERT INTO `tb_bed` VALUES (4166, 'A808-4', 689);
INSERT INTO `tb_bed` VALUES (4167, 'A808-5', 689);
INSERT INTO `tb_bed` VALUES (4168, 'A808-6', 689);
INSERT INTO `tb_bed` VALUES (4169, 'A809-1', 690);
INSERT INTO `tb_bed` VALUES (4170, 'A809-2', 690);
INSERT INTO `tb_bed` VALUES (4171, 'A809-3', 690);
INSERT INTO `tb_bed` VALUES (4172, 'A809-4', 690);
INSERT INTO `tb_bed` VALUES (4173, 'A809-5', 690);
INSERT INTO `tb_bed` VALUES (4174, 'A809-6', 690);
INSERT INTO `tb_bed` VALUES (4175, 'A810-1', 691);
INSERT INTO `tb_bed` VALUES (4176, 'A810-2', 691);
INSERT INTO `tb_bed` VALUES (4177, 'A810-3', 691);
INSERT INTO `tb_bed` VALUES (4178, 'A810-4', 691);
INSERT INTO `tb_bed` VALUES (4179, 'A810-5', 691);
INSERT INTO `tb_bed` VALUES (4180, 'A810-6', 691);
INSERT INTO `tb_bed` VALUES (4181, 'A901-1', 692);
INSERT INTO `tb_bed` VALUES (4182, 'A901-2', 692);
INSERT INTO `tb_bed` VALUES (4183, 'A901-3', 692);
INSERT INTO `tb_bed` VALUES (4184, 'A901-4', 692);
INSERT INTO `tb_bed` VALUES (4185, 'A901-5', 692);
INSERT INTO `tb_bed` VALUES (4186, 'A901-6', 692);
INSERT INTO `tb_bed` VALUES (4187, 'A902-1', 693);
INSERT INTO `tb_bed` VALUES (4188, 'A902-2', 693);
INSERT INTO `tb_bed` VALUES (4189, 'A902-3', 693);
INSERT INTO `tb_bed` VALUES (4190, 'A902-4', 693);
INSERT INTO `tb_bed` VALUES (4191, 'A902-5', 693);
INSERT INTO `tb_bed` VALUES (4192, 'A902-6', 693);
INSERT INTO `tb_bed` VALUES (4193, 'A903-1', 694);
INSERT INTO `tb_bed` VALUES (4194, 'A903-2', 694);
INSERT INTO `tb_bed` VALUES (4195, 'A903-3', 694);
INSERT INTO `tb_bed` VALUES (4196, 'A903-4', 694);
INSERT INTO `tb_bed` VALUES (4197, 'A903-5', 694);
INSERT INTO `tb_bed` VALUES (4198, 'A903-6', 694);
INSERT INTO `tb_bed` VALUES (4199, 'A904-1', 695);
INSERT INTO `tb_bed` VALUES (4200, 'A904-2', 695);
INSERT INTO `tb_bed` VALUES (4201, 'A904-3', 695);
INSERT INTO `tb_bed` VALUES (4202, 'A904-4', 695);
INSERT INTO `tb_bed` VALUES (4203, 'A904-5', 695);
INSERT INTO `tb_bed` VALUES (4204, 'A904-6', 695);
INSERT INTO `tb_bed` VALUES (4205, 'A905-1', 696);
INSERT INTO `tb_bed` VALUES (4206, 'A905-2', 696);
INSERT INTO `tb_bed` VALUES (4207, 'A905-3', 696);
INSERT INTO `tb_bed` VALUES (4208, 'A905-4', 696);
INSERT INTO `tb_bed` VALUES (4209, 'A905-5', 696);
INSERT INTO `tb_bed` VALUES (4210, 'A905-6', 696);
INSERT INTO `tb_bed` VALUES (4211, 'A906-1', 697);
INSERT INTO `tb_bed` VALUES (4212, 'A906-2', 697);
INSERT INTO `tb_bed` VALUES (4213, 'A906-3', 697);
INSERT INTO `tb_bed` VALUES (4214, 'A906-4', 697);
INSERT INTO `tb_bed` VALUES (4215, 'A906-5', 697);
INSERT INTO `tb_bed` VALUES (4216, 'A906-6', 697);
INSERT INTO `tb_bed` VALUES (4217, 'A907-1', 698);
INSERT INTO `tb_bed` VALUES (4218, 'A907-2', 698);
INSERT INTO `tb_bed` VALUES (4219, 'A907-3', 698);
INSERT INTO `tb_bed` VALUES (4220, 'A907-4', 698);
INSERT INTO `tb_bed` VALUES (4221, 'A907-5', 698);
INSERT INTO `tb_bed` VALUES (4222, 'A907-6', 698);
INSERT INTO `tb_bed` VALUES (4223, 'A908-1', 699);
INSERT INTO `tb_bed` VALUES (4224, 'A908-2', 699);
INSERT INTO `tb_bed` VALUES (4225, 'A908-3', 699);
INSERT INTO `tb_bed` VALUES (4226, 'A908-4', 699);
INSERT INTO `tb_bed` VALUES (4227, 'A908-5', 699);
INSERT INTO `tb_bed` VALUES (4228, 'A908-6', 699);
INSERT INTO `tb_bed` VALUES (4229, 'A909-1', 700);
INSERT INTO `tb_bed` VALUES (4230, 'A909-2', 700);
INSERT INTO `tb_bed` VALUES (4231, 'A909-3', 700);
INSERT INTO `tb_bed` VALUES (4232, 'A909-4', 700);
INSERT INTO `tb_bed` VALUES (4233, 'A909-5', 700);
INSERT INTO `tb_bed` VALUES (4234, 'A909-6', 700);
INSERT INTO `tb_bed` VALUES (4235, 'A910-1', 701);
INSERT INTO `tb_bed` VALUES (4236, 'A910-2', 701);
INSERT INTO `tb_bed` VALUES (4237, 'A910-3', 701);
INSERT INTO `tb_bed` VALUES (4238, 'A910-4', 701);
INSERT INTO `tb_bed` VALUES (4239, 'A910-5', 701);
INSERT INTO `tb_bed` VALUES (4240, 'A910-6', 701);
INSERT INTO `tb_bed` VALUES (4241, 'A1001-1', 702);
INSERT INTO `tb_bed` VALUES (4242, 'A1001-2', 702);
INSERT INTO `tb_bed` VALUES (4243, 'A1001-3', 702);
INSERT INTO `tb_bed` VALUES (4244, 'A1001-4', 702);
INSERT INTO `tb_bed` VALUES (4245, 'A1001-5', 702);
INSERT INTO `tb_bed` VALUES (4246, 'A1001-6', 702);
INSERT INTO `tb_bed` VALUES (4247, 'A1001-7', 702);
INSERT INTO `tb_bed` VALUES (4248, 'A1001-8', 702);
INSERT INTO `tb_bed` VALUES (4249, 'A1002-1', 703);
INSERT INTO `tb_bed` VALUES (4250, 'A1002-2', 703);
INSERT INTO `tb_bed` VALUES (4251, 'A1002-3', 703);
INSERT INTO `tb_bed` VALUES (4252, 'A1002-4', 703);
INSERT INTO `tb_bed` VALUES (4253, 'A1002-5', 703);
INSERT INTO `tb_bed` VALUES (4254, 'A1002-6', 703);
INSERT INTO `tb_bed` VALUES (4255, 'A1002-7', 703);
INSERT INTO `tb_bed` VALUES (4256, 'A1002-8', 703);
INSERT INTO `tb_bed` VALUES (4257, 'A1003-1', 704);
INSERT INTO `tb_bed` VALUES (4258, 'A1003-2', 704);
INSERT INTO `tb_bed` VALUES (4259, 'A1003-3', 704);
INSERT INTO `tb_bed` VALUES (4260, 'A1003-4', 704);
INSERT INTO `tb_bed` VALUES (4261, 'A1003-5', 704);
INSERT INTO `tb_bed` VALUES (4262, 'A1003-6', 704);
INSERT INTO `tb_bed` VALUES (4263, 'A1003-7', 704);
INSERT INTO `tb_bed` VALUES (4264, 'A1003-8', 704);
INSERT INTO `tb_bed` VALUES (4265, 'A1004-1', 705);
INSERT INTO `tb_bed` VALUES (4266, 'A1004-2', 705);
INSERT INTO `tb_bed` VALUES (4267, 'A1004-3', 705);
INSERT INTO `tb_bed` VALUES (4268, 'A1004-4', 705);
INSERT INTO `tb_bed` VALUES (4269, 'A1004-5', 705);
INSERT INTO `tb_bed` VALUES (4270, 'A1004-6', 705);
INSERT INTO `tb_bed` VALUES (4271, 'A1004-7', 705);
INSERT INTO `tb_bed` VALUES (4272, 'A1004-8', 705);
INSERT INTO `tb_bed` VALUES (4273, 'A1005-1', 706);
INSERT INTO `tb_bed` VALUES (4274, 'A1005-2', 706);
INSERT INTO `tb_bed` VALUES (4275, 'A1005-3', 706);
INSERT INTO `tb_bed` VALUES (4276, 'A1005-4', 706);
INSERT INTO `tb_bed` VALUES (4277, 'A1005-5', 706);
INSERT INTO `tb_bed` VALUES (4278, 'A1005-6', 706);
INSERT INTO `tb_bed` VALUES (4279, 'A1005-7', 706);
INSERT INTO `tb_bed` VALUES (4280, 'A1005-8', 706);
INSERT INTO `tb_bed` VALUES (4281, 'A1006-1', 707);
INSERT INTO `tb_bed` VALUES (4282, 'A1006-2', 707);
INSERT INTO `tb_bed` VALUES (4283, 'A1006-3', 707);
INSERT INTO `tb_bed` VALUES (4284, 'A1006-4', 707);
INSERT INTO `tb_bed` VALUES (4285, 'A1006-5', 707);
INSERT INTO `tb_bed` VALUES (4286, 'A1006-6', 707);
INSERT INTO `tb_bed` VALUES (4287, 'A1006-7', 707);
INSERT INTO `tb_bed` VALUES (4288, 'A1006-8', 707);
INSERT INTO `tb_bed` VALUES (4289, 'A1007-1', 708);
INSERT INTO `tb_bed` VALUES (4290, 'A1007-2', 708);
INSERT INTO `tb_bed` VALUES (4291, 'A1007-3', 708);
INSERT INTO `tb_bed` VALUES (4292, 'A1007-4', 708);
INSERT INTO `tb_bed` VALUES (4293, 'A1007-5', 708);
INSERT INTO `tb_bed` VALUES (4294, 'A1007-6', 708);
INSERT INTO `tb_bed` VALUES (4295, 'A1007-7', 708);
INSERT INTO `tb_bed` VALUES (4296, 'A1007-8', 708);
INSERT INTO `tb_bed` VALUES (4297, 'A1008-1', 709);
INSERT INTO `tb_bed` VALUES (4298, 'A1008-2', 709);
INSERT INTO `tb_bed` VALUES (4299, 'A1008-3', 709);
INSERT INTO `tb_bed` VALUES (4300, 'A1008-4', 709);
INSERT INTO `tb_bed` VALUES (4301, 'A1008-5', 709);
INSERT INTO `tb_bed` VALUES (4302, 'A1008-6', 709);
INSERT INTO `tb_bed` VALUES (4303, 'A1008-7', 709);
INSERT INTO `tb_bed` VALUES (4304, 'A1008-8', 709);
INSERT INTO `tb_bed` VALUES (4305, 'A1009-1', 710);
INSERT INTO `tb_bed` VALUES (4306, 'A1009-2', 710);
INSERT INTO `tb_bed` VALUES (4307, 'A1009-3', 710);
INSERT INTO `tb_bed` VALUES (4308, 'A1009-4', 710);
INSERT INTO `tb_bed` VALUES (4309, 'A1009-5', 710);
INSERT INTO `tb_bed` VALUES (4310, 'A1009-6', 710);
INSERT INTO `tb_bed` VALUES (4311, 'A1009-7', 710);
INSERT INTO `tb_bed` VALUES (4312, 'A1009-8', 710);
INSERT INTO `tb_bed` VALUES (4313, 'A1010-1', 711);
INSERT INTO `tb_bed` VALUES (4314, 'A1010-2', 711);
INSERT INTO `tb_bed` VALUES (4315, 'A1010-3', 711);
INSERT INTO `tb_bed` VALUES (4316, 'A1010-4', 711);
INSERT INTO `tb_bed` VALUES (4317, 'A1010-5', 711);
INSERT INTO `tb_bed` VALUES (4318, 'A1010-6', 711);
INSERT INTO `tb_bed` VALUES (4319, 'A1010-7', 711);
INSERT INTO `tb_bed` VALUES (4320, 'A1010-8', 711);
INSERT INTO `tb_bed` VALUES (4321, 'F101-1', 712);
INSERT INTO `tb_bed` VALUES (4322, 'F101-2', 712);
INSERT INTO `tb_bed` VALUES (4323, 'F101-3', 712);
INSERT INTO `tb_bed` VALUES (4324, 'F101-4', 712);
INSERT INTO `tb_bed` VALUES (4325, 'F101-5', 712);
INSERT INTO `tb_bed` VALUES (4326, 'F101-6', 712);
INSERT INTO `tb_bed` VALUES (4328, 'F102-1', 713);
INSERT INTO `tb_bed` VALUES (4329, 'F102-2', 713);
INSERT INTO `tb_bed` VALUES (4330, 'F102-3', 713);
INSERT INTO `tb_bed` VALUES (4331, 'F102-4', 713);
INSERT INTO `tb_bed` VALUES (4332, 'F102-5', 713);
INSERT INTO `tb_bed` VALUES (4333, 'F102-6', 713);
INSERT INTO `tb_bed` VALUES (4334, 'F102-7', 713);
INSERT INTO `tb_bed` VALUES (4335, 'F103-1', 714);
INSERT INTO `tb_bed` VALUES (4336, 'F103-2', 714);
INSERT INTO `tb_bed` VALUES (4337, 'F103-3', 714);
INSERT INTO `tb_bed` VALUES (4338, 'F103-4', 714);
INSERT INTO `tb_bed` VALUES (4339, 'F103-5', 714);
INSERT INTO `tb_bed` VALUES (4340, 'F103-6', 714);
INSERT INTO `tb_bed` VALUES (4342, 'F105-1', 715);
INSERT INTO `tb_bed` VALUES (4343, '6-101-1', 716);
INSERT INTO `tb_bed` VALUES (4344, '6-101-2', 716);
INSERT INTO `tb_bed` VALUES (4346, '6-102-2', 717);
INSERT INTO `tb_bed` VALUES (4347, '6104-1', 718);
INSERT INTO `tb_bed` VALUES (4348, '6104-2', 718);
INSERT INTO `tb_bed` VALUES (4349, '6105-1', 719);
INSERT INTO `tb_bed` VALUES (4350, '6105-2', 719);
INSERT INTO `tb_bed` VALUES (4351, 'R-101-1', 721);
INSERT INTO `tb_bed` VALUES (4352, 'R-101-2', 721);
INSERT INTO `tb_bed` VALUES (4353, 'R-101-3', 721);
INSERT INTO `tb_bed` VALUES (4354, 'R-101-4', 721);
INSERT INTO `tb_bed` VALUES (4355, 'R-101-5', 721);
INSERT INTO `tb_bed` VALUES (4356, 'R-101-6', 721);
INSERT INTO `tb_bed` VALUES (4357, 'R-102-1', 722);
INSERT INTO `tb_bed` VALUES (4358, 'R-102-2', 722);
INSERT INTO `tb_bed` VALUES (4359, 'R-102-3', 722);
INSERT INTO `tb_bed` VALUES (4360, 'R-102-4', 722);
INSERT INTO `tb_bed` VALUES (4361, 'R-102-5', 722);
INSERT INTO `tb_bed` VALUES (4362, 'R-102-6', 722);
INSERT INTO `tb_bed` VALUES (4363, 'R-103-1', 723);
INSERT INTO `tb_bed` VALUES (4364, 'R-103-2', 723);
INSERT INTO `tb_bed` VALUES (4365, 'R-103-3', 723);
INSERT INTO `tb_bed` VALUES (4366, 'R-103-4', 723);
INSERT INTO `tb_bed` VALUES (4367, 'R-103-5', 723);
INSERT INTO `tb_bed` VALUES (4368, 'R-103-6', 723);
INSERT INTO `tb_bed` VALUES (4369, 'R101-1', 724);
INSERT INTO `tb_bed` VALUES (4370, 'R101-2', 724);
INSERT INTO `tb_bed` VALUES (4371, 'R101-3', 724);
INSERT INTO `tb_bed` VALUES (4372, 'R101-4', 724);
INSERT INTO `tb_bed` VALUES (4373, 'R101-5', 724);
INSERT INTO `tb_bed` VALUES (4374, 'R101-6', 724);
INSERT INTO `tb_bed` VALUES (4375, 'R102-1', 725);
INSERT INTO `tb_bed` VALUES (4376, 'R102-2', 725);
INSERT INTO `tb_bed` VALUES (4377, 'R102-3', 725);
INSERT INTO `tb_bed` VALUES (4378, 'R102-4', 725);
INSERT INTO `tb_bed` VALUES (4379, 'R102-5', 725);
INSERT INTO `tb_bed` VALUES (4380, 'R102-6', 725);
INSERT INTO `tb_bed` VALUES (4382, 'A101-1', 728);
INSERT INTO `tb_bed` VALUES (4383, 'A101-2', 728);
INSERT INTO `tb_bed` VALUES (4384, 'A101-3', 728);
INSERT INTO `tb_bed` VALUES (4385, 'A101-4', 728);
INSERT INTO `tb_bed` VALUES (4386, 'A101-5', 728);
INSERT INTO `tb_bed` VALUES (4387, 'A101-6', 728);
INSERT INTO `tb_bed` VALUES (4388, 'A102-1', 729);
INSERT INTO `tb_bed` VALUES (4389, 'A102-2', 729);
INSERT INTO `tb_bed` VALUES (4390, 'A102-3', 729);
INSERT INTO `tb_bed` VALUES (4391, 'A102-4', 729);
INSERT INTO `tb_bed` VALUES (4392, 'A102-5', 729);
INSERT INTO `tb_bed` VALUES (4393, 'A102-6', 729);
INSERT INTO `tb_bed` VALUES (4394, 'A103-1', 730);
INSERT INTO `tb_bed` VALUES (4395, 'A103-2', 730);
INSERT INTO `tb_bed` VALUES (4396, 'A103-3', 730);
INSERT INTO `tb_bed` VALUES (4397, 'A103-4', 730);
INSERT INTO `tb_bed` VALUES (4398, 'A103-5', 730);
INSERT INTO `tb_bed` VALUES (4399, 'A103-6', 730);
INSERT INTO `tb_bed` VALUES (4400, 'A104-1', 731);
INSERT INTO `tb_bed` VALUES (4401, 'A104-2', 731);
INSERT INTO `tb_bed` VALUES (4402, 'A104-3', 731);
INSERT INTO `tb_bed` VALUES (4403, 'A104-4', 731);
INSERT INTO `tb_bed` VALUES (4404, 'A104-5', 731);
INSERT INTO `tb_bed` VALUES (4405, 'A104-6', 731);
INSERT INTO `tb_bed` VALUES (4406, 'A105-1', 732);
INSERT INTO `tb_bed` VALUES (4407, 'A105-2', 732);
INSERT INTO `tb_bed` VALUES (4408, 'A105-3', 732);
INSERT INTO `tb_bed` VALUES (4409, 'A105-4', 732);
INSERT INTO `tb_bed` VALUES (4410, 'A105-5', 732);
INSERT INTO `tb_bed` VALUES (4411, 'A105-6', 732);
INSERT INTO `tb_bed` VALUES (4412, 'A106-1', 733);
INSERT INTO `tb_bed` VALUES (4413, 'A106-2', 733);
INSERT INTO `tb_bed` VALUES (4414, 'A106-3', 733);
INSERT INTO `tb_bed` VALUES (4415, 'A106-4', 733);
INSERT INTO `tb_bed` VALUES (4416, 'A106-5', 733);
INSERT INTO `tb_bed` VALUES (4417, 'A106-6', 733);
INSERT INTO `tb_bed` VALUES (4418, 'A107-1', 734);
INSERT INTO `tb_bed` VALUES (4419, 'A107-2', 734);
INSERT INTO `tb_bed` VALUES (4420, 'A107-3', 734);
INSERT INTO `tb_bed` VALUES (4421, 'A107-4', 734);
INSERT INTO `tb_bed` VALUES (4422, 'A107-5', 734);
INSERT INTO `tb_bed` VALUES (4423, 'A107-6', 734);
INSERT INTO `tb_bed` VALUES (4424, 'A108-1', 735);
INSERT INTO `tb_bed` VALUES (4425, 'A108-2', 735);
INSERT INTO `tb_bed` VALUES (4426, 'A108-3', 735);
INSERT INTO `tb_bed` VALUES (4427, 'A108-4', 735);
INSERT INTO `tb_bed` VALUES (4428, 'A108-5', 735);
INSERT INTO `tb_bed` VALUES (4429, 'A108-6', 735);
INSERT INTO `tb_bed` VALUES (4430, 'A109-1', 736);
INSERT INTO `tb_bed` VALUES (4431, 'A109-2', 736);
INSERT INTO `tb_bed` VALUES (4432, 'A109-3', 736);
INSERT INTO `tb_bed` VALUES (4433, 'A109-4', 736);
INSERT INTO `tb_bed` VALUES (4434, 'A109-5', 736);
INSERT INTO `tb_bed` VALUES (4435, 'A109-6', 736);
INSERT INTO `tb_bed` VALUES (4436, 'A110-1', 737);
INSERT INTO `tb_bed` VALUES (4437, 'A110-2', 737);
INSERT INTO `tb_bed` VALUES (4438, 'A110-3', 737);
INSERT INTO `tb_bed` VALUES (4439, 'A110-4', 737);
INSERT INTO `tb_bed` VALUES (4440, 'A110-5', 737);
INSERT INTO `tb_bed` VALUES (4441, 'A110-6', 737);
INSERT INTO `tb_bed` VALUES (4442, 'T-101-1', 738);
INSERT INTO `tb_bed` VALUES (4443, 'T-101-2', 738);
INSERT INTO `tb_bed` VALUES (4444, 'T-101-3', 738);
INSERT INTO `tb_bed` VALUES (4445, 'T-101-4', 738);
INSERT INTO `tb_bed` VALUES (4446, 'T-101-5', 738);
INSERT INTO `tb_bed` VALUES (4447, 'T-101-6', 738);
INSERT INTO `tb_bed` VALUES (4448, 'T-102-1', 739);
INSERT INTO `tb_bed` VALUES (4449, 'T-102-2', 739);
INSERT INTO `tb_bed` VALUES (4450, 'T-102-3', 739);
INSERT INTO `tb_bed` VALUES (4451, 'T-102-4', 739);
INSERT INTO `tb_bed` VALUES (4452, 'T-102-5', 739);
INSERT INTO `tb_bed` VALUES (4453, 'T-102-6', 739);
INSERT INTO `tb_bed` VALUES (4454, 'T-103-1', 740);
INSERT INTO `tb_bed` VALUES (4455, 'T-103-2', 740);
INSERT INTO `tb_bed` VALUES (4456, 'T-103-3', 740);
INSERT INTO `tb_bed` VALUES (4457, 'T-103-4', 740);
INSERT INTO `tb_bed` VALUES (4458, 'T-103-5', 740);
INSERT INTO `tb_bed` VALUES (4459, 'T-103-6', 740);

-- ----------------------------
-- Table structure for tb_building
-- ----------------------------
DROP TABLE IF EXISTS `tb_building`;
CREATE TABLE `tb_building`  (
  `id` int NOT NULL AUTO_INCREMENT,
  `name` varchar(100) CHARACTER SET utf8 COLLATE utf8_general_ci NULL DEFAULT NULL,
  `storey_num` int NULL DEFAULT NULL,
  `sex` int NULL DEFAULT NULL,
  `remark` varchar(200) CHARACTER SET utf8 COLLATE utf8_general_ci NULL DEFAULT NULL,
  `user_id` int NULL DEFAULT NULL,
  PRIMARY KEY (`id`) USING BTREE
) ENGINE = InnoDB AUTO_INCREMENT = 19 CHARACTER SET = utf8 COLLATE = utf8_general_ci COMMENT = '楼宇' ROW_FORMAT = DYNAMIC;

-- ----------------------------
-- Records of tb_building
-- ----------------------------
INSERT INTO `tb_building` VALUES (4, '1号楼', 10, 1, '1号楼（男生宿舍）', 128);
INSERT INTO `tb_building` VALUES (10, '2号楼', 10, 1, '2号楼（男生宿舍）', 129);
INSERT INTO `tb_building` VALUES (11, '3号楼', 10, 1, '3号楼（男生宿舍）', 134);
INSERT INTO `tb_building` VALUES (12, '4号楼', 10, 0, '4号楼（女生宿舍）', 123);
INSERT INTO `tb_building` VALUES (13, '5号楼', 10, 0, '5号楼（女生宿舍）', 130);
INSERT INTO `tb_building` VALUES (19, '6号楼', 2, 1, '', 128);

-- ----------------------------
-- Table structure for tb_cleaner
-- ----------------------------
DROP TABLE IF EXISTS `tb_cleaner`;
CREATE TABLE `tb_cleaner`  (
  `id` int NOT NULL AUTO_INCREMENT,
  `name` varchar(255) CHARACTER SET utf8 COLLATE utf8_general_ci NULL DEFAULT NULL,
  `building_id` int NULL DEFAULT NULL,
  `phone` int NULL DEFAULT NULL,
  PRIMARY KEY (`id`) USING BTREE
) ENGINE = InnoDB AUTO_INCREMENT = 5 CHARACTER SET = utf8 COLLATE = utf8_general_ci ROW_FORMAT = Dynamic;

-- ----------------------------
-- Records of tb_cleaner
-- ----------------------------
INSERT INTO `tb_cleaner` VALUES (1, '王五', 4, 123456);
INSERT INTO `tb_cleaner` VALUES (2, '呃呃呃', 4, 111);

-- ----------------------------
-- Table structure for tb_dormitory
-- ----------------------------
DROP TABLE IF EXISTS `tb_dormitory`;
CREATE TABLE `tb_dormitory`  (
  `id` int UNSIGNED NOT NULL AUTO_INCREMENT,
  `no` varchar(50) CHARACTER SET utf8 COLLATE utf8_general_ci NULL DEFAULT NULL,
  `sex` int NULL DEFAULT NULL,
  `capacity` int NULL DEFAULT NULL,
  `storey_id` int NULL DEFAULT NULL,
  `building_id` int NULL DEFAULT NULL,
  `version` int NULL DEFAULT 0,
  PRIMARY KEY (`id`) USING BTREE
) ENGINE = InnoDB AUTO_INCREMENT = 740 CHARACTER SET = utf8 COLLATE = utf8_general_ci ROW_FORMAT = DYNAMIC;

-- ----------------------------
-- Records of tb_dormitory
-- ----------------------------
INSERT INTO `tb_dormitory` VALUES (107, 'B101', 1, 6, 42, 10, 0);
INSERT INTO `tb_dormitory` VALUES (108, 'B102', 1, 6, 42, 10, 0);
INSERT INTO `tb_dormitory` VALUES (109, 'B103', 1, 6, 42, 10, 0);
INSERT INTO `tb_dormitory` VALUES (110, 'B104', 1, 6, 42, 10, 0);
INSERT INTO `tb_dormitory` VALUES (111, 'B105', 1, 6, 42, 10, 0);
INSERT INTO `tb_dormitory` VALUES (112, 'B106', 1, 6, 42, 10, 0);
INSERT INTO `tb_dormitory` VALUES (113, 'B107', 1, 6, 42, 10, 0);
INSERT INTO `tb_dormitory` VALUES (114, 'B108', 1, 6, 42, 10, 0);
INSERT INTO `tb_dormitory` VALUES (115, 'B109', 1, 6, 42, 10, 0);
INSERT INTO `tb_dormitory` VALUES (116, 'B110', 1, 6, 42, 10, 0);
INSERT INTO `tb_dormitory` VALUES (117, 'C101', 1, 6, 52, 11, 0);
INSERT INTO `tb_dormitory` VALUES (118, 'C102', 1, 6, 52, 11, 0);
INSERT INTO `tb_dormitory` VALUES (119, 'C103', 1, 6, 52, 11, 0);
INSERT INTO `tb_dormitory` VALUES (120, 'C104', 1, 6, 52, 11, 0);
INSERT INTO `tb_dormitory` VALUES (121, 'C105', 1, 6, 52, 11, 0);
INSERT INTO `tb_dormitory` VALUES (122, 'C106', 1, 6, 52, 11, 0);
INSERT INTO `tb_dormitory` VALUES (123, 'C107', 1, 6, 52, 11, 0);
INSERT INTO `tb_dormitory` VALUES (124, 'C108', 1, 6, 52, 11, 0);
INSERT INTO `tb_dormitory` VALUES (125, 'C109', 1, 6, 52, 11, 0);
INSERT INTO `tb_dormitory` VALUES (126, 'C110', 1, 6, 52, 11, 0);
INSERT INTO `tb_dormitory` VALUES (217, 'B201', 0, 6, 43, 10, 0);
INSERT INTO `tb_dormitory` VALUES (218, 'B202', 1, 6, 43, 10, 0);
INSERT INTO `tb_dormitory` VALUES (219, 'B203', 1, 6, 43, 10, 0);
INSERT INTO `tb_dormitory` VALUES (220, 'B204', 1, 6, 43, 10, 0);
INSERT INTO `tb_dormitory` VALUES (221, 'B205', 1, 6, 43, 10, 0);
INSERT INTO `tb_dormitory` VALUES (222, 'B206', 1, 6, 43, 10, 0);
INSERT INTO `tb_dormitory` VALUES (223, 'B207', 1, 6, 43, 10, 0);
INSERT INTO `tb_dormitory` VALUES (224, 'B208', 1, 6, 43, 10, 0);
INSERT INTO `tb_dormitory` VALUES (225, 'B209', 1, 6, 43, 10, 0);
INSERT INTO `tb_dormitory` VALUES (226, 'B210', 1, 6, 43, 10, 0);
INSERT INTO `tb_dormitory` VALUES (227, 'B301', 1, 6, 44, 10, 0);
INSERT INTO `tb_dormitory` VALUES (228, 'B302', 1, 6, 44, 10, 0);
INSERT INTO `tb_dormitory` VALUES (229, 'B303', 1, 6, 44, 10, 0);
INSERT INTO `tb_dormitory` VALUES (230, 'B304', 1, 6, 44, 10, 0);
INSERT INTO `tb_dormitory` VALUES (231, 'B305', 1, 6, 44, 10, 0);
INSERT INTO `tb_dormitory` VALUES (232, 'B306', 1, 6, 44, 10, 0);
INSERT INTO `tb_dormitory` VALUES (233, 'B307', 1, 6, 44, 10, 0);
INSERT INTO `tb_dormitory` VALUES (234, 'B308', 1, 6, 44, 10, 0);
INSERT INTO `tb_dormitory` VALUES (235, 'B309', 1, 6, 44, 10, 0);
INSERT INTO `tb_dormitory` VALUES (236, 'B310', 1, 6, 44, 10, 0);
INSERT INTO `tb_dormitory` VALUES (237, 'B401', 1, 6, 45, 10, 0);
INSERT INTO `tb_dormitory` VALUES (238, 'B402', 1, 6, 45, 10, 0);
INSERT INTO `tb_dormitory` VALUES (239, 'B403', 1, 6, 45, 10, 0);
INSERT INTO `tb_dormitory` VALUES (240, 'B404', 1, 6, 45, 10, 0);
INSERT INTO `tb_dormitory` VALUES (241, 'B405', 1, 6, 45, 10, 0);
INSERT INTO `tb_dormitory` VALUES (242, 'B406', 1, 6, 45, 10, 0);
INSERT INTO `tb_dormitory` VALUES (243, 'B407', 1, 6, 45, 10, 0);
INSERT INTO `tb_dormitory` VALUES (244, 'B408', 1, 6, 45, 10, 0);
INSERT INTO `tb_dormitory` VALUES (245, 'B409', 1, 6, 45, 10, 0);
INSERT INTO `tb_dormitory` VALUES (246, 'B410', 1, 6, 45, 10, 0);
INSERT INTO `tb_dormitory` VALUES (247, 'B501', 1, 6, 46, 10, 0);
INSERT INTO `tb_dormitory` VALUES (248, 'B502', 1, 6, 46, 10, 0);
INSERT INTO `tb_dormitory` VALUES (249, 'B503', 1, 6, 46, 10, 0);
INSERT INTO `tb_dormitory` VALUES (250, 'B504', 1, 6, 46, 10, 0);
INSERT INTO `tb_dormitory` VALUES (251, 'B505', 1, 6, 46, 10, 0);
INSERT INTO `tb_dormitory` VALUES (252, 'B506', 1, 6, 46, 10, 0);
INSERT INTO `tb_dormitory` VALUES (253, 'B507', 1, 6, 46, 10, 0);
INSERT INTO `tb_dormitory` VALUES (254, 'B508', 1, 6, 46, 10, 0);
INSERT INTO `tb_dormitory` VALUES (255, 'B509', 1, 6, 46, 10, 0);
INSERT INTO `tb_dormitory` VALUES (256, 'B510', 1, 6, 46, 10, 0);
INSERT INTO `tb_dormitory` VALUES (257, 'B601', 1, 6, 47, 10, 0);
INSERT INTO `tb_dormitory` VALUES (258, 'B602', 1, 6, 47, 10, 0);
INSERT INTO `tb_dormitory` VALUES (259, 'B603', 1, 6, 47, 10, 0);
INSERT INTO `tb_dormitory` VALUES (260, 'B604', 1, 6, 47, 10, 0);
INSERT INTO `tb_dormitory` VALUES (261, 'B605', 1, 6, 47, 10, 0);
INSERT INTO `tb_dormitory` VALUES (262, 'B606', 1, 6, 47, 10, 0);
INSERT INTO `tb_dormitory` VALUES (263, 'B607', 1, 6, 47, 10, 0);
INSERT INTO `tb_dormitory` VALUES (264, 'B608', 1, 6, 47, 10, 0);
INSERT INTO `tb_dormitory` VALUES (265, 'B609', 1, 6, 47, 10, 0);
INSERT INTO `tb_dormitory` VALUES (266, 'B610', 1, 6, 47, 10, 0);
INSERT INTO `tb_dormitory` VALUES (267, 'B701', 1, 6, 48, 10, 0);
INSERT INTO `tb_dormitory` VALUES (268, 'B702', 1, 6, 48, 10, 0);
INSERT INTO `tb_dormitory` VALUES (269, 'B703', 1, 6, 48, 10, 0);
INSERT INTO `tb_dormitory` VALUES (270, 'B704', 1, 6, 48, 10, 0);
INSERT INTO `tb_dormitory` VALUES (271, 'B705', 1, 6, 48, 10, 0);
INSERT INTO `tb_dormitory` VALUES (272, 'B706', 1, 6, 48, 10, 0);
INSERT INTO `tb_dormitory` VALUES (273, 'B707', 1, 6, 48, 10, 0);
INSERT INTO `tb_dormitory` VALUES (274, 'B708', 1, 6, 48, 10, 0);
INSERT INTO `tb_dormitory` VALUES (275, 'B709', 1, 6, 48, 10, 0);
INSERT INTO `tb_dormitory` VALUES (276, 'B710', 10, 6, 48, 10, 0);
INSERT INTO `tb_dormitory` VALUES (307, 'C201', 1, 6, 53, 11, 0);
INSERT INTO `tb_dormitory` VALUES (308, 'C202', 1, 6, 53, 11, 0);
INSERT INTO `tb_dormitory` VALUES (309, 'C203', 1, 6, 53, 11, 0);
INSERT INTO `tb_dormitory` VALUES (310, 'C204', 1, 6, 53, 11, 0);
INSERT INTO `tb_dormitory` VALUES (311, 'C205', 1, 6, 53, 11, 0);
INSERT INTO `tb_dormitory` VALUES (312, 'C206', 1, 6, 53, 11, 0);
INSERT INTO `tb_dormitory` VALUES (313, 'C207', 1, 6, 53, 11, 0);
INSERT INTO `tb_dormitory` VALUES (314, 'C208', 1, 6, 53, 11, 0);
INSERT INTO `tb_dormitory` VALUES (315, 'C209', 1, 6, 53, 11, 0);
INSERT INTO `tb_dormitory` VALUES (316, 'C210', 1, 6, 53, 11, 0);
INSERT INTO `tb_dormitory` VALUES (317, 'C301', 1, 6, 54, 11, 0);
INSERT INTO `tb_dormitory` VALUES (318, 'C302', 1, 6, 54, 11, 0);
INSERT INTO `tb_dormitory` VALUES (319, 'C303', 1, 6, 54, 11, 0);
INSERT INTO `tb_dormitory` VALUES (320, 'C304', 1, 6, 54, 11, 0);
INSERT INTO `tb_dormitory` VALUES (321, 'C305', 1, 6, 54, 11, 0);
INSERT INTO `tb_dormitory` VALUES (322, 'C306', 1, 6, 54, 11, 0);
INSERT INTO `tb_dormitory` VALUES (323, 'C307', 1, 6, 54, 11, 0);
INSERT INTO `tb_dormitory` VALUES (324, 'C308', 1, 6, 54, 11, 0);
INSERT INTO `tb_dormitory` VALUES (325, 'C309', 1, 6, 54, 11, 0);
INSERT INTO `tb_dormitory` VALUES (326, 'C310', 1, 6, 54, 11, 0);
INSERT INTO `tb_dormitory` VALUES (327, 'c401', 1, 6, 55, 11, 0);
INSERT INTO `tb_dormitory` VALUES (328, 'c402', 1, 6, 55, 11, 0);
INSERT INTO `tb_dormitory` VALUES (329, 'c403', 1, 6, 55, 11, 0);
INSERT INTO `tb_dormitory` VALUES (330, 'c404', 1, 6, 55, 11, 0);
INSERT INTO `tb_dormitory` VALUES (331, 'c405', 1, 6, 55, 11, 0);
INSERT INTO `tb_dormitory` VALUES (332, 'c406', 1, 6, 55, 11, 0);
INSERT INTO `tb_dormitory` VALUES (333, 'c407', 1, 6, 55, 11, 0);
INSERT INTO `tb_dormitory` VALUES (334, 'c408', 1, 6, 55, 11, 0);
INSERT INTO `tb_dormitory` VALUES (335, 'c409', 1, 6, 55, 11, 0);
INSERT INTO `tb_dormitory` VALUES (336, 'c410', 1, 6, 55, 11, 0);
INSERT INTO `tb_dormitory` VALUES (347, 'c501', 1, 6, 56, 11, 0);
INSERT INTO `tb_dormitory` VALUES (348, 'c502', 1, 6, 56, 11, 0);
INSERT INTO `tb_dormitory` VALUES (349, 'c503', 1, 6, 56, 11, 0);
INSERT INTO `tb_dormitory` VALUES (350, 'c504', 1, 6, 56, 11, 0);
INSERT INTO `tb_dormitory` VALUES (351, 'c505', 1, 6, 56, 11, 0);
INSERT INTO `tb_dormitory` VALUES (352, 'c506', 1, 6, 56, 11, 0);
INSERT INTO `tb_dormitory` VALUES (353, 'c507', 1, 6, 56, 11, 0);
INSERT INTO `tb_dormitory` VALUES (354, 'c508', 1, 6, 56, 11, 0);
INSERT INTO `tb_dormitory` VALUES (355, 'c509', 1, 6, 56, 11, 0);
INSERT INTO `tb_dormitory` VALUES (356, 'c510', 1, 6, 56, 11, 0);
INSERT INTO `tb_dormitory` VALUES (407, 'D101', 0, 6, 62, 12, 0);
INSERT INTO `tb_dormitory` VALUES (408, 'D102', 0, 6, 62, 12, 0);
INSERT INTO `tb_dormitory` VALUES (409, 'D103', 0, 6, 62, 12, 0);
INSERT INTO `tb_dormitory` VALUES (410, 'D104', 0, 6, 62, 12, 0);
INSERT INTO `tb_dormitory` VALUES (411, 'D105', 0, 6, 62, 12, 0);
INSERT INTO `tb_dormitory` VALUES (412, 'D106', 0, 6, 62, 12, 0);
INSERT INTO `tb_dormitory` VALUES (413, 'D107', 0, 6, 62, 12, 0);
INSERT INTO `tb_dormitory` VALUES (414, 'D108', 0, 6, 62, 12, 0);
INSERT INTO `tb_dormitory` VALUES (415, 'D109', 0, 6, 62, 12, 0);
INSERT INTO `tb_dormitory` VALUES (416, 'D110', 0, 6, 62, 12, 0);
INSERT INTO `tb_dormitory` VALUES (417, 'D201', 0, 6, 63, 12, 0);
INSERT INTO `tb_dormitory` VALUES (418, 'D202', 0, 6, 63, 12, 0);
INSERT INTO `tb_dormitory` VALUES (419, 'D203', 0, 6, 63, 12, 0);
INSERT INTO `tb_dormitory` VALUES (420, 'D204', 0, 6, 63, 12, 0);
INSERT INTO `tb_dormitory` VALUES (421, 'D205', 0, 6, 63, 12, 0);
INSERT INTO `tb_dormitory` VALUES (422, 'D206', 0, 6, 63, 12, 0);
INSERT INTO `tb_dormitory` VALUES (423, 'D207', 0, 6, 63, 12, 0);
INSERT INTO `tb_dormitory` VALUES (424, 'D208', 0, 6, 63, 12, 0);
INSERT INTO `tb_dormitory` VALUES (425, 'D209', 0, 6, 63, 12, 0);
INSERT INTO `tb_dormitory` VALUES (426, 'D210', 0, 6, 63, 12, 0);
INSERT INTO `tb_dormitory` VALUES (427, 'D301', 0, 6, 64, 12, 0);
INSERT INTO `tb_dormitory` VALUES (428, 'D302', 0, 6, 64, 12, 0);
INSERT INTO `tb_dormitory` VALUES (429, 'D303', 0, 6, 64, 12, 0);
INSERT INTO `tb_dormitory` VALUES (430, 'D304', 0, 6, 64, 12, 0);
INSERT INTO `tb_dormitory` VALUES (431, 'D305', 0, 6, 64, 12, 0);
INSERT INTO `tb_dormitory` VALUES (432, 'D306', 0, 6, 64, 12, 0);
INSERT INTO `tb_dormitory` VALUES (433, 'D307', 0, 6, 64, 12, 0);
INSERT INTO `tb_dormitory` VALUES (434, 'D308', 0, 6, 64, 12, 0);
INSERT INTO `tb_dormitory` VALUES (435, 'D309', 0, 6, 64, 12, 0);
INSERT INTO `tb_dormitory` VALUES (436, 'D310', 0, 6, 64, 12, 0);
INSERT INTO `tb_dormitory` VALUES (437, 'D401', 0, 6, 65, 12, 0);
INSERT INTO `tb_dormitory` VALUES (438, 'D402', 0, 6, 65, 12, 0);
INSERT INTO `tb_dormitory` VALUES (439, 'D403', 0, 6, 65, 12, 0);
INSERT INTO `tb_dormitory` VALUES (440, 'D404', 0, 6, 65, 12, 0);
INSERT INTO `tb_dormitory` VALUES (441, 'D405', 0, 6, 65, 12, 0);
INSERT INTO `tb_dormitory` VALUES (442, 'D406', 0, 6, 65, 12, 0);
INSERT INTO `tb_dormitory` VALUES (443, 'D407', 0, 6, 65, 12, 0);
INSERT INTO `tb_dormitory` VALUES (444, 'D408', 0, 6, 65, 12, 0);
INSERT INTO `tb_dormitory` VALUES (445, 'D409', 0, 6, 65, 12, 0);
INSERT INTO `tb_dormitory` VALUES (446, 'D410', 0, 6, 65, 12, 0);
INSERT INTO `tb_dormitory` VALUES (447, 'D501', 0, 6, 66, 12, 0);
INSERT INTO `tb_dormitory` VALUES (448, 'D502', 0, 6, 66, 12, 0);
INSERT INTO `tb_dormitory` VALUES (449, 'D503', 0, 6, 66, 12, 0);
INSERT INTO `tb_dormitory` VALUES (450, 'D504', 0, 6, 66, 12, 0);
INSERT INTO `tb_dormitory` VALUES (451, 'D505', 0, 6, 66, 12, 0);
INSERT INTO `tb_dormitory` VALUES (452, 'D506', 0, 6, 66, 12, 0);
INSERT INTO `tb_dormitory` VALUES (453, 'D507', 0, 6, 66, 12, 0);
INSERT INTO `tb_dormitory` VALUES (454, 'D508', 0, 6, 66, 12, 0);
INSERT INTO `tb_dormitory` VALUES (455, 'D509', 0, 6, 66, 12, 0);
INSERT INTO `tb_dormitory` VALUES (456, 'D510', 0, 6, 66, 12, 0);
INSERT INTO `tb_dormitory` VALUES (457, 'D601', 0, 6, 67, 12, 0);
INSERT INTO `tb_dormitory` VALUES (458, 'D602', 0, 6, 67, 12, 0);
INSERT INTO `tb_dormitory` VALUES (459, 'D603', 0, 6, 67, 12, 0);
INSERT INTO `tb_dormitory` VALUES (460, 'D604', 0, 6, 67, 12, 0);
INSERT INTO `tb_dormitory` VALUES (461, 'D605', 0, 6, 67, 12, 0);
INSERT INTO `tb_dormitory` VALUES (462, 'D606', 0, 6, 67, 12, 0);
INSERT INTO `tb_dormitory` VALUES (463, 'D607', 0, 6, 67, 12, 0);
INSERT INTO `tb_dormitory` VALUES (464, 'D608', 0, 6, 67, 12, 0);
INSERT INTO `tb_dormitory` VALUES (465, 'D609', 0, 6, 67, 12, 0);
INSERT INTO `tb_dormitory` VALUES (466, 'D610', 0, 6, 67, 12, 0);
INSERT INTO `tb_dormitory` VALUES (507, 'E101', 0, 6, 72, 13, 0);
INSERT INTO `tb_dormitory` VALUES (508, 'E102', 0, 6, 72, 13, 0);
INSERT INTO `tb_dormitory` VALUES (509, 'E103', 0, 6, 72, 13, 0);
INSERT INTO `tb_dormitory` VALUES (510, 'E104', 0, 6, 72, 13, 0);
INSERT INTO `tb_dormitory` VALUES (511, 'E105', 0, 6, 72, 13, 0);
INSERT INTO `tb_dormitory` VALUES (512, 'E106', 0, 6, 72, 13, 0);
INSERT INTO `tb_dormitory` VALUES (513, 'E107', 0, 6, 72, 13, 0);
INSERT INTO `tb_dormitory` VALUES (514, 'E108', 0, 6, 72, 13, 0);
INSERT INTO `tb_dormitory` VALUES (515, 'E109', 0, 6, 72, 13, 0);
INSERT INTO `tb_dormitory` VALUES (516, 'E110', 0, 6, 72, 13, 0);
INSERT INTO `tb_dormitory` VALUES (517, 'E201', 0, 6, 73, 13, 0);
INSERT INTO `tb_dormitory` VALUES (518, 'E202', 0, 6, 73, 13, 0);
INSERT INTO `tb_dormitory` VALUES (519, 'E203', 0, 6, 73, 13, 0);
INSERT INTO `tb_dormitory` VALUES (520, 'E204', 0, 6, 73, 13, 0);
INSERT INTO `tb_dormitory` VALUES (521, 'E205', 0, 6, 73, 13, 0);
INSERT INTO `tb_dormitory` VALUES (522, 'E206', 0, 6, 73, 13, 0);
INSERT INTO `tb_dormitory` VALUES (523, 'E207', 0, 6, 73, 13, 0);
INSERT INTO `tb_dormitory` VALUES (524, 'E208', 0, 6, 73, 13, 0);
INSERT INTO `tb_dormitory` VALUES (525, 'E209', 0, 6, 73, 13, 0);
INSERT INTO `tb_dormitory` VALUES (526, 'E210', 0, 6, 73, 13, 0);
INSERT INTO `tb_dormitory` VALUES (527, 'E301', 0, 6, 74, 13, 0);
INSERT INTO `tb_dormitory` VALUES (528, 'E302', 0, 6, 74, 13, 0);
INSERT INTO `tb_dormitory` VALUES (529, 'E303', 0, 6, 74, 13, 0);
INSERT INTO `tb_dormitory` VALUES (530, 'E304', 0, 6, 74, 13, 0);
INSERT INTO `tb_dormitory` VALUES (531, 'E305', 0, 6, 74, 13, 0);
INSERT INTO `tb_dormitory` VALUES (532, 'E306', 0, 6, 74, 13, 0);
INSERT INTO `tb_dormitory` VALUES (533, 'E307', 0, 6, 74, 13, 0);
INSERT INTO `tb_dormitory` VALUES (534, 'E308', 0, 6, 74, 13, 0);
INSERT INTO `tb_dormitory` VALUES (535, 'E309', 0, 6, 74, 13, 0);
INSERT INTO `tb_dormitory` VALUES (536, 'E310', 0, 6, 74, 13, 0);
INSERT INTO `tb_dormitory` VALUES (537, 'E401', 0, 6, 75, 13, 0);
INSERT INTO `tb_dormitory` VALUES (538, 'E402', 0, 6, 75, 13, 0);
INSERT INTO `tb_dormitory` VALUES (539, 'E403', 0, 6, 75, 13, 0);
INSERT INTO `tb_dormitory` VALUES (540, 'E404', 0, 6, 75, 13, 0);
INSERT INTO `tb_dormitory` VALUES (541, 'E405', 0, 6, 75, 13, 0);
INSERT INTO `tb_dormitory` VALUES (542, 'E406', 0, 6, 75, 13, 0);
INSERT INTO `tb_dormitory` VALUES (543, 'E407', 0, 6, 75, 13, 0);
INSERT INTO `tb_dormitory` VALUES (544, 'E408', 0, 6, 75, 13, 0);
INSERT INTO `tb_dormitory` VALUES (545, 'E409', 0, 6, 75, 13, 0);
INSERT INTO `tb_dormitory` VALUES (546, 'E410', 0, 6, 75, 13, 0);
INSERT INTO `tb_dormitory` VALUES (547, 'E501', 0, 6, 76, 13, 0);
INSERT INTO `tb_dormitory` VALUES (548, 'E502', 0, 6, 76, 13, 0);
INSERT INTO `tb_dormitory` VALUES (549, 'E503', 0, 6, 76, 13, 0);
INSERT INTO `tb_dormitory` VALUES (550, 'E504', 0, 6, 76, 13, 0);
INSERT INTO `tb_dormitory` VALUES (551, 'E505', 0, 6, 76, 13, 0);
INSERT INTO `tb_dormitory` VALUES (552, 'E506', 0, 6, 76, 13, 0);
INSERT INTO `tb_dormitory` VALUES (553, 'E507', 0, 6, 76, 13, 0);
INSERT INTO `tb_dormitory` VALUES (554, 'E508', 0, 6, 76, 13, 0);
INSERT INTO `tb_dormitory` VALUES (555, 'E509', 0, 6, 76, 13, 0);
INSERT INTO `tb_dormitory` VALUES (556, 'E510', 0, 6, 76, 13, 0);
INSERT INTO `tb_dormitory` VALUES (557, 'E601', 0, 6, 77, 13, 0);
INSERT INTO `tb_dormitory` VALUES (558, 'E602', 0, 6, 77, 13, 0);
INSERT INTO `tb_dormitory` VALUES (559, 'E603', 0, 6, 77, 13, 0);
INSERT INTO `tb_dormitory` VALUES (560, 'E604', 0, 6, 77, 13, 0);
INSERT INTO `tb_dormitory` VALUES (561, 'E605', 0, 6, 77, 13, 0);
INSERT INTO `tb_dormitory` VALUES (562, 'E606', 0, 6, 77, 13, 0);
INSERT INTO `tb_dormitory` VALUES (563, 'E607', 0, 6, 77, 13, 0);
INSERT INTO `tb_dormitory` VALUES (564, 'E608', 0, 6, 77, 13, 0);
INSERT INTO `tb_dormitory` VALUES (565, 'E609', 0, 6, 77, 13, 0);
INSERT INTO `tb_dormitory` VALUES (566, 'E610', 0, 6, 77, 13, 0);
INSERT INTO `tb_dormitory` VALUES (567, 'E701', 0, 6, 78, 13, 0);
INSERT INTO `tb_dormitory` VALUES (581, 'E805', 0, 6, 79, 13, 0);
INSERT INTO `tb_dormitory` VALUES (582, 'E806', 0, 6, 79, 13, 0);
INSERT INTO `tb_dormitory` VALUES (583, 'E807', 0, 6, 79, 13, 0);
INSERT INTO `tb_dormitory` VALUES (584, 'E808', 0, 6, 79, 13, 0);
INSERT INTO `tb_dormitory` VALUES (585, 'E809', 0, 6, 79, 13, 0);
INSERT INTO `tb_dormitory` VALUES (586, 'E810', 0, 6, 79, 13, 0);
INSERT INTO `tb_dormitory` VALUES (587, 'E901', 0, 6, 80, 13, 0);
INSERT INTO `tb_dormitory` VALUES (588, 'E902', 0, 6, 80, 13, 0);
INSERT INTO `tb_dormitory` VALUES (589, 'E903', 0, 6, 80, 13, 0);
INSERT INTO `tb_dormitory` VALUES (590, 'E904', 0, 6, 80, 13, 0);
INSERT INTO `tb_dormitory` VALUES (591, 'E905', 0, 6, 80, 13, 0);
INSERT INTO `tb_dormitory` VALUES (592, 'E906', 0, 6, 80, 13, 0);
INSERT INTO `tb_dormitory` VALUES (593, 'E907', 0, 6, 80, 13, 0);
INSERT INTO `tb_dormitory` VALUES (594, 'E908', 0, 6, 80, 13, 0);
INSERT INTO `tb_dormitory` VALUES (595, 'E909', 0, 6, 80, 13, 0);
INSERT INTO `tb_dormitory` VALUES (596, 'E910', 0, 6, 80, 13, 0);
INSERT INTO `tb_dormitory` VALUES (597, 'E1001', 0, 6, 81, 13, 0);
INSERT INTO `tb_dormitory` VALUES (598, 'E1002', 0, 6, 81, 13, 0);
INSERT INTO `tb_dormitory` VALUES (599, 'E1003', 0, 6, 81, 13, 0);
INSERT INTO `tb_dormitory` VALUES (600, 'E1004', 0, 6, 81, 13, 0);
INSERT INTO `tb_dormitory` VALUES (601, 'E1005', 0, 6, 81, 13, 0);
INSERT INTO `tb_dormitory` VALUES (602, 'E1006', 0, 6, 81, 13, 0);
INSERT INTO `tb_dormitory` VALUES (603, 'E1007', 0, 6, 81, 13, 0);
INSERT INTO `tb_dormitory` VALUES (604, 'E1008', 0, 6, 81, 13, 0);
INSERT INTO `tb_dormitory` VALUES (605, 'E1009', 0, 6, 81, 13, 0);
INSERT INTO `tb_dormitory` VALUES (606, 'E1010', 0, 6, 81, 13, 0);
INSERT INTO `tb_dormitory` VALUES (622, 'A201', 1, 6, 2, 4, 0);
INSERT INTO `tb_dormitory` VALUES (623, 'A202', 1, 6, 2, 4, 0);
INSERT INTO `tb_dormitory` VALUES (624, 'A203', 1, 6, 2, 4, 0);
INSERT INTO `tb_dormitory` VALUES (625, 'A204', 1, 6, 2, 4, 0);
INSERT INTO `tb_dormitory` VALUES (626, 'A205', 1, 6, 2, 4, 0);
INSERT INTO `tb_dormitory` VALUES (627, 'A206', 1, 6, 2, 4, 0);
INSERT INTO `tb_dormitory` VALUES (628, 'A207', 1, 6, 2, 4, 0);
INSERT INTO `tb_dormitory` VALUES (629, 'A208', 1, 6, 2, 4, 0);
INSERT INTO `tb_dormitory` VALUES (630, 'A209', 1, 6, 2, 4, 0);
INSERT INTO `tb_dormitory` VALUES (631, 'A210', 1, 6, 2, 4, 0);
INSERT INTO `tb_dormitory` VALUES (632, 'A301', 1, 6, 3, 4, 0);
INSERT INTO `tb_dormitory` VALUES (633, 'A302', 1, 6, 3, 4, 0);
INSERT INTO `tb_dormitory` VALUES (634, 'A303', 1, 6, 3, 4, 0);
INSERT INTO `tb_dormitory` VALUES (635, 'A304', 1, 6, 3, 4, 0);
INSERT INTO `tb_dormitory` VALUES (636, 'A305', 1, 6, 3, 4, 0);
INSERT INTO `tb_dormitory` VALUES (637, 'A306', 1, 6, 3, 4, 0);
INSERT INTO `tb_dormitory` VALUES (638, 'A307', 1, 6, 3, 4, 0);
INSERT INTO `tb_dormitory` VALUES (639, 'A308', 1, 6, 3, 4, 0);
INSERT INTO `tb_dormitory` VALUES (640, 'A309', 1, 6, 3, 4, 0);
INSERT INTO `tb_dormitory` VALUES (641, 'A310', 1, 6, 3, 4, 0);
INSERT INTO `tb_dormitory` VALUES (642, 'A401', 1, 6, 4, 4, 0);
INSERT INTO `tb_dormitory` VALUES (643, 'A402', 1, 6, 4, 4, 0);
INSERT INTO `tb_dormitory` VALUES (644, 'A403', 1, 6, 4, 4, 0);
INSERT INTO `tb_dormitory` VALUES (645, 'A404', 1, 6, 4, 4, 0);
INSERT INTO `tb_dormitory` VALUES (646, 'A405', 1, 6, 4, 4, 0);
INSERT INTO `tb_dormitory` VALUES (647, 'A406', 1, 6, 4, 4, 0);
INSERT INTO `tb_dormitory` VALUES (648, 'A407', 1, 6, 4, 4, 0);
INSERT INTO `tb_dormitory` VALUES (649, 'A408', 1, 6, 4, 4, 0);
INSERT INTO `tb_dormitory` VALUES (650, 'A409', 1, 6, 4, 4, 0);
INSERT INTO `tb_dormitory` VALUES (651, 'A410', 1, 6, 4, 4, 0);
INSERT INTO `tb_dormitory` VALUES (652, 'A501', 1, 6, 5, 4, 0);
INSERT INTO `tb_dormitory` VALUES (653, 'A502', 1, 6, 5, 4, 0);
INSERT INTO `tb_dormitory` VALUES (654, 'A503', 1, 6, 5, 4, 0);
INSERT INTO `tb_dormitory` VALUES (655, 'A504', 1, 6, 5, 4, 0);
INSERT INTO `tb_dormitory` VALUES (656, 'A505', 1, 6, 5, 4, 0);
INSERT INTO `tb_dormitory` VALUES (657, 'A506', 1, 6, 5, 4, 0);
INSERT INTO `tb_dormitory` VALUES (658, 'A507', 1, 6, 5, 4, 0);
INSERT INTO `tb_dormitory` VALUES (659, 'A508', 1, 6, 5, 4, 0);
INSERT INTO `tb_dormitory` VALUES (660, 'A509', 1, 6, 5, 4, 0);
INSERT INTO `tb_dormitory` VALUES (661, 'A510', 1, 6, 5, 4, 0);
INSERT INTO `tb_dormitory` VALUES (662, 'A601', 1, 6, 6, 4, 0);
INSERT INTO `tb_dormitory` VALUES (663, 'A602', 1, 6, 6, 4, 0);
INSERT INTO `tb_dormitory` VALUES (664, 'A603', 1, 6, 6, 4, 0);
INSERT INTO `tb_dormitory` VALUES (665, 'A604', 1, 6, 6, 4, 0);
INSERT INTO `tb_dormitory` VALUES (666, 'A605', 1, 6, 6, 4, 0);
INSERT INTO `tb_dormitory` VALUES (667, 'A606', 1, 6, 6, 4, 0);
INSERT INTO `tb_dormitory` VALUES (668, 'A607', 1, 6, 6, 4, 0);
INSERT INTO `tb_dormitory` VALUES (669, 'A608', 1, 6, 6, 4, 0);
INSERT INTO `tb_dormitory` VALUES (670, 'A609', 1, 6, 6, 4, 0);
INSERT INTO `tb_dormitory` VALUES (671, 'A610', 1, 6, 6, 4, 0);
INSERT INTO `tb_dormitory` VALUES (672, 'A701', 1, 6, 7, 4, 0);
INSERT INTO `tb_dormitory` VALUES (673, 'A702', 1, 6, 7, 4, 0);
INSERT INTO `tb_dormitory` VALUES (674, 'A703', 1, 6, 7, 4, 0);
INSERT INTO `tb_dormitory` VALUES (675, 'A704', 1, 6, 7, 4, 0);
INSERT INTO `tb_dormitory` VALUES (676, 'A705', 1, 6, 7, 4, 0);
INSERT INTO `tb_dormitory` VALUES (677, 'A706', 1, 6, 7, 4, 0);
INSERT INTO `tb_dormitory` VALUES (678, 'A707', 1, 6, 7, 4, 0);
INSERT INTO `tb_dormitory` VALUES (679, 'A708', 1, 6, 7, 4, 0);
INSERT INTO `tb_dormitory` VALUES (680, 'A709', 1, 6, 7, 4, 0);
INSERT INTO `tb_dormitory` VALUES (681, 'A710', 1, 6, 7, 4, 0);
INSERT INTO `tb_dormitory` VALUES (682, 'A801', 1, 6, 8, 4, 0);
INSERT INTO `tb_dormitory` VALUES (683, 'A802', 1, 6, 8, 4, 0);
INSERT INTO `tb_dormitory` VALUES (684, 'A803', 1, 6, 8, 4, 0);
INSERT INTO `tb_dormitory` VALUES (685, 'A804', 1, 6, 8, 4, 0);
INSERT INTO `tb_dormitory` VALUES (686, 'A805', 1, 6, 8, 4, 0);
INSERT INTO `tb_dormitory` VALUES (687, 'A806', 1, 6, 8, 4, 0);
INSERT INTO `tb_dormitory` VALUES (688, 'A807', 1, 6, 8, 4, 0);
INSERT INTO `tb_dormitory` VALUES (689, 'A808', 1, 6, 8, 4, 0);
INSERT INTO `tb_dormitory` VALUES (690, 'A809', 1, 6, 8, 4, 0);
INSERT INTO `tb_dormitory` VALUES (691, 'A810', 1, 6, 8, 4, 0);
INSERT INTO `tb_dormitory` VALUES (692, 'A901', 1, 6, 9, 4, 0);
INSERT INTO `tb_dormitory` VALUES (693, 'A902', 1, 6, 9, 4, 0);
INSERT INTO `tb_dormitory` VALUES (694, 'A903', 1, 6, 9, 4, 0);
INSERT INTO `tb_dormitory` VALUES (695, 'A904', 1, 6, 9, 4, 0);
INSERT INTO `tb_dormitory` VALUES (696, 'A905', 1, 6, 9, 4, 0);
INSERT INTO `tb_dormitory` VALUES (697, 'A906', 1, 6, 9, 4, 0);
INSERT INTO `tb_dormitory` VALUES (698, 'A907', 1, 6, 9, 4, 0);
INSERT INTO `tb_dormitory` VALUES (699, 'A908', 1, 6, 9, 4, 0);
INSERT INTO `tb_dormitory` VALUES (700, 'A909', 1, 6, 9, 4, 0);
INSERT INTO `tb_dormitory` VALUES (701, 'A910', 1, 6, 9, 4, 0);
INSERT INTO `tb_dormitory` VALUES (702, 'A1001', 1, 8, 10, 4, 0);
INSERT INTO `tb_dormitory` VALUES (703, 'A1002', 1, 8, 10, 4, 0);
INSERT INTO `tb_dormitory` VALUES (704, 'A1003', 1, 8, 10, 4, 0);
INSERT INTO `tb_dormitory` VALUES (705, 'A1004', 1, 8, 10, 4, 0);
INSERT INTO `tb_dormitory` VALUES (706, 'A1005', 1, 8, 10, 4, 0);
INSERT INTO `tb_dormitory` VALUES (707, 'A1006', 1, 8, 10, 4, 0);
INSERT INTO `tb_dormitory` VALUES (708, 'A1007', 1, 8, 10, 4, 0);
INSERT INTO `tb_dormitory` VALUES (709, 'A1008', 1, 8, 10, 4, 0);
INSERT INTO `tb_dormitory` VALUES (710, 'A1009', 1, 8, 10, 4, 0);
INSERT INTO `tb_dormitory` VALUES (711, 'A1010', 1, 8, 10, 4, 0);
INSERT INTO `tb_dormitory` VALUES (712, 'F101', 0, 7, 31, 15, 0);
INSERT INTO `tb_dormitory` VALUES (713, 'F102', 0, 7, 31, 15, 0);
INSERT INTO `tb_dormitory` VALUES (714, 'F103', 0, 7, 31, 15, 0);
INSERT INTO `tb_dormitory` VALUES (728, 'A101', 1, 6, 1, 4, 0);
INSERT INTO `tb_dormitory` VALUES (729, 'A102', 1, 6, 1, 4, 0);
INSERT INTO `tb_dormitory` VALUES (730, 'A103', 1, 6, 1, 4, 0);
INSERT INTO `tb_dormitory` VALUES (731, 'A104', 1, 6, 1, 4, 0);
INSERT INTO `tb_dormitory` VALUES (732, 'A105', 1, 6, 1, 4, 0);
INSERT INTO `tb_dormitory` VALUES (733, 'A106', 1, 6, 1, 4, 0);
INSERT INTO `tb_dormitory` VALUES (734, 'A107', 1, 6, 1, 4, 0);
INSERT INTO `tb_dormitory` VALUES (735, 'A108', 1, 6, 1, 4, 0);
INSERT INTO `tb_dormitory` VALUES (736, 'A109', 1, 6, 1, 4, 0);
INSERT INTO `tb_dormitory` VALUES (737, 'A110', 1, 6, 1, 4, 0);
INSERT INTO `tb_dormitory` VALUES (738, 'T-101', 1, 6, 92, 19, 0);
INSERT INTO `tb_dormitory` VALUES (739, 'T-102', 1, 6, 92, 19, 0);
INSERT INTO `tb_dormitory` VALUES (740, 'T-103', 1, 6, 92, 19, 0);

-- ----------------------------
-- Table structure for tb_dormitory_set
-- ----------------------------
DROP TABLE IF EXISTS `tb_dormitory_set`;
CREATE TABLE `tb_dormitory_set`  (
  `id` int NOT NULL AUTO_INCREMENT,
  `prefix` varchar(50) CHARACTER SET utf8 COLLATE utf8_general_ci NULL DEFAULT NULL,
  `start` int NULL DEFAULT NULL,
  `end` int NULL DEFAULT NULL,
  `building_id` int NULL DEFAULT NULL,
  `storey_id` int NULL DEFAULT NULL,
  `capacity` int NULL DEFAULT NULL,
  PRIMARY KEY (`id`) USING BTREE
) ENGINE = InnoDB AUTO_INCREMENT = 61 CHARACTER SET = utf8 COLLATE = utf8_general_ci ROW_FORMAT = DYNAMIC;

-- ----------------------------
-- Records of tb_dormitory_set
-- ----------------------------
INSERT INTO `tb_dormitory_set` VALUES (1, 'A', 101, 110, 4, 1, 6);
INSERT INTO `tb_dormitory_set` VALUES (3, 'B', 101, 115, 5, 11, 6);
INSERT INTO `tb_dormitory_set` VALUES (4, 'C', 101, 120, 6, 21, 6);
INSERT INTO `tb_dormitory_set` VALUES (5, 'A', 101, 120, 7, 31, 6);
INSERT INTO `tb_dormitory_set` VALUES (6, 'B-', 101, 120, 8, 36, 6);
INSERT INTO `tb_dormitory_set` VALUES (7, 'B', 101, 110, 10, 42, 6);
INSERT INTO `tb_dormitory_set` VALUES (8, 'C', 101, 110, 11, 52, 6);
INSERT INTO `tb_dormitory_set` VALUES (9, 'A', 201, 210, 4, 2, 6);
INSERT INTO `tb_dormitory_set` VALUES (10, 'A', 301, 310, 4, 3, 6);
INSERT INTO `tb_dormitory_set` VALUES (11, 'A', 401, 410, 4, 4, 6);
INSERT INTO `tb_dormitory_set` VALUES (12, 'A', 501, 510, 4, 5, 6);
INSERT INTO `tb_dormitory_set` VALUES (13, 'A', 601, 610, 4, 6, 6);
INSERT INTO `tb_dormitory_set` VALUES (14, 'A', 701, 710, 4, 7, 6);
INSERT INTO `tb_dormitory_set` VALUES (15, 'A', 801, 810, 4, 8, 6);
INSERT INTO `tb_dormitory_set` VALUES (16, 'A', 901, 910, 4, 9, 6);
INSERT INTO `tb_dormitory_set` VALUES (17, 'A', 1001, 1010, 4, 10, 8);
INSERT INTO `tb_dormitory_set` VALUES (18, 'B', 201, 210, 10, 43, 6);
INSERT INTO `tb_dormitory_set` VALUES (19, 'B', 301, 310, 10, 44, 6);
INSERT INTO `tb_dormitory_set` VALUES (20, 'B', 401, 410, 10, 45, 6);
INSERT INTO `tb_dormitory_set` VALUES (21, 'B', 501, 510, 10, 46, 6);
INSERT INTO `tb_dormitory_set` VALUES (22, 'B', 601, 610, 10, 47, 6);
INSERT INTO `tb_dormitory_set` VALUES (23, 'B', 701, 710, 10, 48, 6);
INSERT INTO `tb_dormitory_set` VALUES (24, 'B', 801, 810, 10, 49, 6);
INSERT INTO `tb_dormitory_set` VALUES (25, 'B', 901, 910, 10, 50, 6);
INSERT INTO `tb_dormitory_set` VALUES (26, 'B', 1001, 1010, 10, 51, 6);
INSERT INTO `tb_dormitory_set` VALUES (27, 'C', 201, 210, 11, 53, 6);
INSERT INTO `tb_dormitory_set` VALUES (28, 'C', 301, 310, 11, 54, 6);
INSERT INTO `tb_dormitory_set` VALUES (29, 'c', 401, 410, 11, 55, 6);
INSERT INTO `tb_dormitory_set` VALUES (30, 'c', 501, 510, 11, 56, 6);
INSERT INTO `tb_dormitory_set` VALUES (31, 'C', 601, 610, 11, 57, 6);
INSERT INTO `tb_dormitory_set` VALUES (32, 'C', 701, 710, 11, 58, 6);
INSERT INTO `tb_dormitory_set` VALUES (33, 'C', 801, 810, 11, 59, 6);
INSERT INTO `tb_dormitory_set` VALUES (34, 'C', 901, 910, 11, 60, 6);
INSERT INTO `tb_dormitory_set` VALUES (35, 'C', 1001, 1010, 11, 61, 6);
INSERT INTO `tb_dormitory_set` VALUES (36, 'D', 101, 110, 12, 62, 6);
INSERT INTO `tb_dormitory_set` VALUES (37, 'D', 201, 210, 12, 63, 6);
INSERT INTO `tb_dormitory_set` VALUES (38, 'D', 301, 310, 12, 64, 6);
INSERT INTO `tb_dormitory_set` VALUES (39, 'D', 401, 410, 12, 65, 6);
INSERT INTO `tb_dormitory_set` VALUES (40, 'D', 501, 510, 12, 66, 6);
INSERT INTO `tb_dormitory_set` VALUES (41, 'D', 601, 610, 12, 67, 6);
INSERT INTO `tb_dormitory_set` VALUES (42, 'D', 701, 710, 12, 68, 6);
INSERT INTO `tb_dormitory_set` VALUES (43, 'D', 801, 810, 12, 69, 6);
INSERT INTO `tb_dormitory_set` VALUES (44, 'D', 901, 910, 12, 70, 6);
INSERT INTO `tb_dormitory_set` VALUES (45, 'D', 1001, 1010, 12, 71, 6);
INSERT INTO `tb_dormitory_set` VALUES (46, 'E', 101, 110, 13, 72, 6);
INSERT INTO `tb_dormitory_set` VALUES (47, 'E', 201, 210, 13, 73, 6);
INSERT INTO `tb_dormitory_set` VALUES (48, 'E', 301, 310, 13, 74, 6);
INSERT INTO `tb_dormitory_set` VALUES (49, 'E', 401, 410, 13, 75, 6);
INSERT INTO `tb_dormitory_set` VALUES (50, 'E', 501, 510, 13, 76, 6);
INSERT INTO `tb_dormitory_set` VALUES (51, 'E', 601, 610, 13, 77, 6);
INSERT INTO `tb_dormitory_set` VALUES (52, 'E', 701, 710, 13, 78, 6);
INSERT INTO `tb_dormitory_set` VALUES (53, 'E', 801, 810, 13, 79, 6);
INSERT INTO `tb_dormitory_set` VALUES (54, 'E', 901, 910, 13, 80, 6);
INSERT INTO `tb_dormitory_set` VALUES (55, 'E', 1001, 1010, 13, 81, 6);
INSERT INTO `tb_dormitory_set` VALUES (56, 'F', 101, 103, 15, 31, 7);
INSERT INTO `tb_dormitory_set` VALUES (57, '6-', 101, 102, 16, 82, 2);
INSERT INTO `tb_dormitory_set` VALUES (58, '6', 104, 105, 16, 83, 2);
INSERT INTO `tb_dormitory_set` VALUES (59, 'R-', 101, 103, 17, 88, 6);
INSERT INTO `tb_dormitory_set` VALUES (60, 'R', 101, 102, 18, 90, 6);
INSERT INTO `tb_dormitory_set` VALUES (61, 'T-', 101, 103, 19, 92, 6);

-- ----------------------------
-- Table structure for tb_dormitory_student
-- ----------------------------
DROP TABLE IF EXISTS `tb_dormitory_student`;
CREATE TABLE `tb_dormitory_student`  (
  `id` int NOT NULL AUTO_INCREMENT,
  `dormitory_id` int NULL DEFAULT NULL,
  `bed_id` int NULL DEFAULT NULL,
  `student_id` int NULL DEFAULT NULL,
  `checkin` datetime NULL DEFAULT NULL,
  `status` int NULL DEFAULT NULL COMMENT '0待入住/1已入住',
  PRIMARY KEY (`id`) USING BTREE
) ENGINE = InnoDB AUTO_INCREMENT = 105 CHARACTER SET = utf8 COLLATE = utf8_general_ci ROW_FORMAT = DYNAMIC;

-- ----------------------------
-- Records of tb_dormitory_student
-- ----------------------------
INSERT INTO `tb_dormitory_student` VALUES (42, 622, 3761, 9, '2023-05-17 14:15:59', 1);
INSERT INTO `tb_dormitory_student` VALUES (43, 622, 3762, 10, '2023-05-17 14:17:02', 1);
INSERT INTO `tb_dormitory_student` VALUES (44, 622, 3763, 11, '2023-05-17 14:17:24', 1);
INSERT INTO `tb_dormitory_student` VALUES (45, 622, 3764, 12, '2023-05-17 14:17:42', 1);
INSERT INTO `tb_dormitory_student` VALUES (46, 622, 3765, 13, '2023-05-17 14:17:56', 1);
INSERT INTO `tb_dormitory_student` VALUES (47, 622, 3766, 14, '2023-05-17 14:18:10', 1);
INSERT INTO `tb_dormitory_student` VALUES (48, 623, 3767, 15, '2023-05-17 14:18:45', 1);
INSERT INTO `tb_dormitory_student` VALUES (49, 623, 3768, 16, '2023-05-17 14:19:14', 1);
INSERT INTO `tb_dormitory_student` VALUES (50, 623, 3769, 17, '2023-05-17 14:19:30', 1);
INSERT INTO `tb_dormitory_student` VALUES (51, 624, 3774, 18, '2023-05-17 14:19:49', 1);
INSERT INTO `tb_dormitory_student` VALUES (52, 624, 3775, 19, '2023-05-17 14:20:01', 1);
INSERT INTO `tb_dormitory_student` VALUES (55, 407, 2475, 22, '2023-05-17 14:35:02', 1);
INSERT INTO `tb_dormitory_student` VALUES (56, 408, 2479, 23, '2023-05-17 14:35:36', 1);
INSERT INTO `tb_dormitory_student` VALUES (58, 408, 2480, 25, '2023-05-17 14:36:19', 1);
INSERT INTO `tb_dormitory_student` VALUES (59, 618, 3740, 26, '2023-05-17 14:36:39', 1);
INSERT INTO `tb_dormitory_student` VALUES (60, 618, 3741, 27, '2023-05-17 14:37:09', 1);
INSERT INTO `tb_dormitory_student` VALUES (61, 617, 3733, 28, '2023-05-17 14:37:25', 1);
INSERT INTO `tb_dormitory_student` VALUES (62, 619, 3746, 29, '2023-05-17 14:37:44', 1);
INSERT INTO `tb_dormitory_student` VALUES (63, 628, 3800, 30, '2023-05-17 14:56:25', 1);
INSERT INTO `tb_dormitory_student` VALUES (64, 107, 656, 32, '2023-05-17 15:05:35', 1);
INSERT INTO `tb_dormitory_student` VALUES (65, 414, 2515, 31, '2023-05-17 15:20:09', 1);
INSERT INTO `tb_dormitory_student` VALUES (66, 415, 2522, 33, '2023-05-17 15:20:37', 1);
INSERT INTO `tb_dormitory_student` VALUES (67, 222, 1363, 34, '2023-05-17 15:20:52', 1);
INSERT INTO `tb_dormitory_student` VALUES (68, 222, 1364, 35, '2023-05-17 15:21:45', 1);
INSERT INTO `tb_dormitory_student` VALUES (69, 222, 1365, 36, '2023-05-17 15:21:59', 1);
INSERT INTO `tb_dormitory_student` VALUES (70, 221, 1356, 37, '2023-05-17 15:22:13', 1);
INSERT INTO `tb_dormitory_student` VALUES (74, 521, 3159, 38, '2023-05-17 15:25:48', 1);
INSERT INTO `tb_dormitory_student` VALUES (75, 222, 1366, 39, '2023-05-17 15:32:02', 1);
INSERT INTO `tb_dormitory_student` VALUES (76, 521, 3158, 40, '2023-05-17 15:32:29', 1);
INSERT INTO `tb_dormitory_student` VALUES (78, 536, 3247, 42, '2023-05-17 15:32:55', 1);
INSERT INTO `tb_dormitory_student` VALUES (79, 311, 1898, 43, '2023-05-17 15:33:08', 1);
INSERT INTO `tb_dormitory_student` VALUES (80, 535, 3243, 44, '2023-05-17 15:33:25', 1);
INSERT INTO `tb_dormitory_student` VALUES (81, 313, 1910, 45, '2023-05-17 15:33:54', 1);
INSERT INTO `tb_dormitory_student` VALUES (82, 440, 2672, 46, '2023-05-17 15:35:15', 1);
INSERT INTO `tb_dormitory_student` VALUES (83, 439, 2667, 47, '2023-05-17 15:35:29', 1);
INSERT INTO `tb_dormitory_student` VALUES (84, 439, 2668, 48, '2023-05-17 15:36:22', 1);
INSERT INTO `tb_dormitory_student` VALUES (85, 440, 2673, 49, '2023-05-17 15:37:13', 1);
INSERT INTO `tb_dormitory_student` VALUES (86, 637, 3855, 50, '2023-05-17 15:37:26', 1);
INSERT INTO `tb_dormitory_student` VALUES (87, 439, 2666, 51, '2023-05-17 15:37:39', 1);
INSERT INTO `tb_dormitory_student` VALUES (88, 639, 3867, 52, '2023-05-17 15:37:52', 1);
INSERT INTO `tb_dormitory_student` VALUES (89, 407, 2473, 25, '2023-05-23 16:29:49', 1);
INSERT INTO `tb_dormitory_student` VALUES (91, 407, 2472, 21, '2023-06-03 09:39:16', 1);
INSERT INTO `tb_dormitory_student` VALUES (98, 612, 3701, 1, '2023-06-03 16:10:45', 1);
INSERT INTO `tb_dormitory_student` VALUES (100, 724, 4369, 66, '2023-06-04 08:10:55', 1);
INSERT INTO `tb_dormitory_student` VALUES (105, 536, 3248, 41, '2023-06-04 11:05:49', 1);

-- ----------------------------
-- Table structure for tb_grade
-- ----------------------------
DROP TABLE IF EXISTS `tb_grade`;
CREATE TABLE `tb_grade`  (
  `id` int NOT NULL AUTO_INCREMENT,
  `name` varchar(100) CHARACTER SET utf8 COLLATE utf8_general_ci NULL DEFAULT NULL,
  PRIMARY KEY (`id`) USING BTREE
) ENGINE = InnoDB AUTO_INCREMENT = 5 CHARACTER SET = utf8 COLLATE = utf8_general_ci ROW_FORMAT = DYNAMIC;

-- ----------------------------
-- Records of tb_grade
-- ----------------------------
INSERT INTO `tb_grade` VALUES (1, '2019');
INSERT INTO `tb_grade` VALUES (2, '2020');
INSERT INTO `tb_grade` VALUES (3, '2021');
INSERT INTO `tb_grade` VALUES (4, '2022');

-- ----------------------------
-- Table structure for tb_menu
-- ----------------------------
DROP TABLE IF EXISTS `tb_menu`;
CREATE TABLE `tb_menu`  (
  `id` int NOT NULL AUTO_INCREMENT,
  `title` varchar(50) CHARACTER SET utf8 COLLATE utf8_general_ci NULL DEFAULT NULL,
  `icon` varchar(50) CHARACTER SET utf8 COLLATE utf8_general_ci NULL DEFAULT NULL,
  `href` varchar(100) CHARACTER SET utf8 COLLATE utf8_general_ci NULL DEFAULT NULL,
  `parent_id` int NULL DEFAULT NULL,
  `type` int NULL DEFAULT NULL COMMENT '0:管理员/宿管员;1:学生',
  PRIMARY KEY (`id`) USING BTREE
) ENGINE = InnoDB CHARACTER SET = utf8 COLLATE = utf8_general_ci ROW_FORMAT = DYNAMIC;

-- ----------------------------
-- Records of tb_menu
-- ----------------------------
INSERT INTO `tb_menu` VALUES (1, '基础管理', 'fa fa-cog', NULL, 0, 0);
INSERT INTO `tb_menu` VALUES (2, '用户管理', 'fa fa-male', 'user/list.html', 1, 0);
INSERT INTO `tb_menu` VALUES (3, '年级管理', 'fa fa-group', 'grade/list.html', 1, 0);
INSERT INTO `tb_menu` VALUES (4, '机构管理', 'fa fa-institution', 'org/list.html', 1, 0);
INSERT INTO `tb_menu` VALUES (5, '学生管理', 'fa fa-child', 'student/list.html', 1, 0);
INSERT INTO `tb_menu` VALUES (6, '公告管理', 'fa fa-volume-up', 'notice/list.html', 18, 0);
INSERT INTO `tb_menu` VALUES (7, '宿舍管理', 'fa fa-home', NULL, 0, 0);
INSERT INTO `tb_menu` VALUES (8, '楼宇管理', 'fa fa-puzzle-piece', 'building/list.html', 7, 0);
INSERT INTO `tb_menu` VALUES (9, '宿舍编号设置', 'fa fa-hotel', 'dormitoryset/list.html', 7, 0);
INSERT INTO `tb_menu` VALUES (10, '宿舍管理', 'fa fa-building', 'dormitory/list.html', 7, 0);
INSERT INTO `tb_menu` VALUES (11, '宿舍预选设置', 'fa fa-location-arrow', 'selection/list.html', 7, 0);
INSERT INTO `tb_menu` VALUES (12, '离宿管理', 'fa fa-telegram', '', 0, 0);
INSERT INTO `tb_menu` VALUES (13, '离宿记录', 'fa fa-info', 'absence/list.html', 12, 0);
INSERT INTO `tb_menu` VALUES (14, '报修管理', 'fa fa-wrench', NULL, 0, 0);
INSERT INTO `tb_menu` VALUES (15, '报修管理', 'fa fa-gavel', 'repair/list.html', 14, 0);
INSERT INTO `tb_menu` VALUES (16, '来访管理', 'fa fa-truck', NULL, 0, 3);
INSERT INTO `tb_menu` VALUES (17, '人员登记', 'fa fa fa-car', 'visit/list.html', 16, 0);
INSERT INTO `tb_menu` VALUES (18, '公告管理', 'fa fa-bell', '', 0, 0);
INSERT INTO `tb_menu` VALUES (20, '在线选宿舍', 'fa fa-id-card-o', 'stu/select.html', 0, 1);
INSERT INTO `tb_menu` VALUES (22, '离宿记录', 'fa fa-vcard', 'stu/absence.html', 0, 1);
INSERT INTO `tb_menu` VALUES (23, '报修申请', 'fa fa-cog', 'stu/repair.html', 0, 1);
INSERT INTO `tb_menu` VALUES (24, '公告查看', 'fa fa-bell', 'stu/notice.html', 0, 1);
INSERT INTO `tb_menu` VALUES (28, '宿舍评价管理', 'fa fa-edit', 'assess/list.html', 7, 0);
INSERT INTO `tb_menu` VALUES (29, '系统管理', 'fa fa-cogs', NULL, 0, 0);
INSERT INTO `tb_menu` VALUES (30, '菜单管理', 'fa fa-window-maximize', 'menu/menu.html', 29, 0);

-- ----------------------------
-- Table structure for tb_notice
-- ----------------------------
DROP TABLE IF EXISTS `tb_notice`;
CREATE TABLE `tb_notice`  (
  `id` int NOT NULL AUTO_INCREMENT,
  `title` varchar(200) CHARACTER SET utf8 COLLATE utf8_general_ci NULL DEFAULT NULL,
  `content` text CHARACTER SET utf8 COLLATE utf8_general_ci NULL,
  `create_time` datetime NULL DEFAULT NULL,
  `user_id` int NULL DEFAULT NULL,
  `type` int NULL DEFAULT NULL COMMENT '1-公告，2-通知',
  PRIMARY KEY (`id`) USING BTREE
) ENGINE = InnoDB AUTO_INCREMENT = 57 CHARACTER SET = utf8 COLLATE = utf8_general_ci ROW_FORMAT = DYNAMIC;

-- ----------------------------
-- Records of tb_notice
-- ----------------------------
INSERT INTO `tb_notice` VALUES (52, '毕业了', '毕业了', '2023-05-29 16:06:24', 1, 1);
INSERT INTO `tb_notice` VALUES (53, '答辩', '答辩', '2023-05-29 16:06:30', 1, 1);
INSERT INTO `tb_notice` VALUES (55, '毕业答辩', '毕业了', '2023-05-29 16:06:40', 1, 1);
INSERT INTO `tb_notice` VALUES (56, '停水通知', '今天停水', '2023-05-29 16:06:47', 1, 2);

-- ----------------------------
-- Table structure for tb_notice_receive
-- ----------------------------
DROP TABLE IF EXISTS `tb_notice_receive`;
CREATE TABLE `tb_notice_receive`  (
  `id` int NOT NULL AUTO_INCREMENT,
  `notice_id` int NULL DEFAULT NULL,
  `building_id` int NULL DEFAULT NULL,
  PRIMARY KEY (`id`) USING BTREE
) ENGINE = InnoDB AUTO_INCREMENT = 173 CHARACTER SET = utf8 COLLATE = utf8_general_ci ROW_FORMAT = DYNAMIC;

-- ----------------------------
-- Records of tb_notice_receive
-- ----------------------------
INSERT INTO `tb_notice_receive` VALUES (164, 52, 4);
INSERT INTO `tb_notice_receive` VALUES (170, 53, 10);
INSERT INTO `tb_notice_receive` VALUES (172, 56, 13);
INSERT INTO `tb_notice_receive` VALUES (173, 55, 12);

-- ----------------------------
-- Table structure for tb_org
-- ----------------------------
DROP TABLE IF EXISTS `tb_org`;
CREATE TABLE `tb_org`  (
  `id` int NOT NULL AUTO_INCREMENT,
  `name` varchar(100) CHARACTER SET utf8 COLLATE utf8_general_ci NULL DEFAULT NULL,
  `type` int NULL DEFAULT NULL COMMENT '1学院/2系/3专业/4班级',
  `grade_id` int NULL DEFAULT NULL,
  `parent_id` int NULL DEFAULT NULL,
  `remark` varchar(200) CHARACTER SET utf8 COLLATE utf8_general_ci NULL DEFAULT NULL,
  `status` int NULL DEFAULT 0 COMMENT '0-正常/1-不正常',
  `deleted` int NULL DEFAULT 0 COMMENT '0-未删除/1-已删除',
  PRIMARY KEY (`id`) USING BTREE
) ENGINE = InnoDB AUTO_INCREMENT = 38 CHARACTER SET = utf8 COLLATE = utf8_general_ci ROW_FORMAT = DYNAMIC;

-- ----------------------------
-- Records of tb_org
-- ----------------------------
INSERT INTO `tb_org` VALUES (1, '计算机学院', 1, 1, 0, NULL, 0, 0);
INSERT INTO `tb_org` VALUES (2, '软件工程', 3, 1, 1, NULL, 0, 0);
INSERT INTO `tb_org` VALUES (3, '软件工程1901班', 4, 1, 2, NULL, 0, 0);
INSERT INTO `tb_org` VALUES (4, '软件工程1902班', 4, 1, 2, NULL, 0, 0);
INSERT INTO `tb_org` VALUES (5, '软件工程1903班', 4, 1, 2, NULL, 0, 0);
INSERT INTO `tb_org` VALUES (6, '大数据', 3, 1, 1, NULL, 0, 0);
INSERT INTO `tb_org` VALUES (7, '大数据1901班', 4, 1, 6, NULL, 0, 0);
INSERT INTO `tb_org` VALUES (8, '大数据1902班', 4, 1, 6, NULL, 0, 0);
INSERT INTO `tb_org` VALUES (9, '电气学院', 1, 1, 0, NULL, 0, 0);
INSERT INTO `tb_org` VALUES (10, '电气工程', 3, 1, 9, NULL, 0, 0);
INSERT INTO `tb_org` VALUES (11, '电气1901班', 4, 1, 10, NULL, 0, 0);
INSERT INTO `tb_org` VALUES (13, '水利学院', 1, 1, 0, NULL, 0, 0);
INSERT INTO `tb_org` VALUES (15, '水利1901班', 4, 1, 16, '', 0, 0);
INSERT INTO `tb_org` VALUES (16, '水利工程', 3, 1, 13, '', 0, 0);
INSERT INTO `tb_org` VALUES (17, '计算机学院', 1, 2, 0, NULL, 0, 0);
INSERT INTO `tb_org` VALUES (18, '软件工程', 3, 2, 17, NULL, 0, 0);
INSERT INTO `tb_org` VALUES (19, '软件工程2001班', 4, 2, 18, NULL, 0, 0);
INSERT INTO `tb_org` VALUES (20, '软件工程2002班', 4, 2, 18, NULL, 0, 0);
INSERT INTO `tb_org` VALUES (21, '软件工程2003班', 4, 2, 18, NULL, 0, 0);
INSERT INTO `tb_org` VALUES (22, '大数据', 3, 2, 17, NULL, 0, 0);
INSERT INTO `tb_org` VALUES (23, '大数据2001班', 4, 2, 22, NULL, 0, 0);
INSERT INTO `tb_org` VALUES (24, '大数据2002班', 4, 2, 22, NULL, 0, 0);
INSERT INTO `tb_org` VALUES (25, '电气学院', 1, 2, 0, NULL, 0, 0);
INSERT INTO `tb_org` VALUES (26, '电气工程', 3, 2, 25, NULL, 0, 0);
INSERT INTO `tb_org` VALUES (27, '电气2001班', 4, 2, 26, NULL, 0, 0);
INSERT INTO `tb_org` VALUES (28, '软件工程1904班', 4, 1, 2, NULL, 0, 0);
INSERT INTO `tb_org` VALUES (32, '大数据1903班', 4, 1, 6, NULL, 0, 0);
INSERT INTO `tb_org` VALUES (34, '软件工程1905班', 4, 1, 2, NULL, 0, 0);

-- ----------------------------
-- Table structure for tb_record
-- ----------------------------
DROP TABLE IF EXISTS `tb_record`;
CREATE TABLE `tb_record`  (
  `id` int NOT NULL AUTO_INCREMENT,
  `student_id` int NULL DEFAULT NULL,
  `dormitory_id` int NULL DEFAULT NULL,
  `bed_id` int NULL DEFAULT NULL,
  `status` int NULL DEFAULT NULL COMMENT '1入住/2退宿',
  `create_date` datetime NULL DEFAULT NULL,
  PRIMARY KEY (`id`) USING BTREE
) ENGINE = InnoDB CHARACTER SET = utf8 COLLATE = utf8_general_ci ROW_FORMAT = DYNAMIC;

-- ----------------------------
-- Records of tb_record
-- ----------------------------

-- ----------------------------
-- Table structure for tb_repair
-- ----------------------------
DROP TABLE IF EXISTS `tb_repair`;
CREATE TABLE `tb_repair`  (
  `id` int NOT NULL AUTO_INCREMENT,
  `student_id` int NULL DEFAULT NULL,
  `dormitory_id` int NULL DEFAULT NULL,
  `building_id` int NULL DEFAULT NULL,
  `description` varchar(500) CHARACTER SET utf8 COLLATE utf8_general_ci NULL DEFAULT NULL,
  `create_date` datetime NULL DEFAULT NULL,
  `status` int NULL DEFAULT NULL COMMENT '0待审核/1审核通过/2未通过',
  `processor` varchar(255) CHARACTER SET utf8 COLLATE utf8_general_ci NULL DEFAULT NULL COMMENT '审核人',
  `process_idea` varchar(255) CHARACTER SET utf8 COLLATE utf8_general_ci NULL DEFAULT NULL COMMENT '审核意见',
  PRIMARY KEY (`id`) USING BTREE
) ENGINE = InnoDB AUTO_INCREMENT = 9 CHARACTER SET = utf8 COLLATE = utf8_general_ci ROW_FORMAT = DYNAMIC;

-- ----------------------------
-- Records of tb_repair
-- ----------------------------
INSERT INTO `tb_repair` VALUES (7, 24, 612, 4, '我们宿舍灯坏了', '2023-05-23 16:36:01', 1, '管理员', '确认已坏，已经联系师傅维修');
INSERT INTO `tb_repair` VALUES (8, 22, 407, 12, '1008519070112', '2023-06-03 15:56:46', 1, '赵丽颖', '已坏');
INSERT INTO `tb_repair` VALUES (9, 41, 535, 13, '1111', '2023-06-04 09:55:16', 1, '管理员', '坏了');

-- ----------------------------
-- Table structure for tb_selection
-- ----------------------------
DROP TABLE IF EXISTS `tb_selection`;
CREATE TABLE `tb_selection`  (
  `id` int NOT NULL AUTO_INCREMENT,
  `name` varchar(100) CHARACTER SET utf8 COLLATE utf8_general_ci NULL DEFAULT NULL,
  `start_time` datetime NULL DEFAULT NULL,
  `end_time` datetime NULL DEFAULT NULL,
  `remark` varchar(100) CHARACTER SET utf8 COLLATE utf8_general_ci NULL DEFAULT NULL,
  PRIMARY KEY (`id`) USING BTREE
) ENGINE = InnoDB AUTO_INCREMENT = 33 CHARACTER SET = utf8 COLLATE = utf8_general_ci ROW_FORMAT = DYNAMIC;

-- ----------------------------
-- Records of tb_selection
-- ----------------------------
INSERT INTO `tb_selection` VALUES (24, '2019级软件工程宿舍选择', '2023-05-17 00:00:00', '2023-06-17 00:00:00', '2019级软件工程宿舍选择');
INSERT INTO `tb_selection` VALUES (25, '2020级软件工程宿舍选择', '2023-05-17 00:00:00', '2023-06-15 00:00:00', '2020级软件工程宿舍选择');
INSERT INTO `tb_selection` VALUES (26, '2019级大数据宿舍选择', '2023-05-17 00:00:00', '2023-06-13 00:00:00', '2019级大数据宿舍选择');
INSERT INTO `tb_selection` VALUES (27, '2020级大数据宿舍选择', '2023-05-27 00:00:00', '2023-05-27 00:00:00', '');
INSERT INTO `tb_selection` VALUES (31, '宿舍选择', '2023-06-03 00:00:00', '2023-06-10 00:00:00', '');
INSERT INTO `tb_selection` VALUES (32, '测试', '2023-06-04 00:00:00', '2023-06-10 00:00:00', '');
INSERT INTO `tb_selection` VALUES (33, '测试', '2023-06-04 00:00:00', '2023-06-15 00:00:00', '');

-- ----------------------------
-- Table structure for tb_selection_dormitory
-- ----------------------------
DROP TABLE IF EXISTS `tb_selection_dormitory`;
CREATE TABLE `tb_selection_dormitory`  (
  `id` int NOT NULL AUTO_INCREMENT,
  `dormitory_id` int NULL DEFAULT NULL,
  `clazz_id` int NULL DEFAULT NULL,
  PRIMARY KEY (`id`) USING BTREE
) ENGINE = InnoDB AUTO_INCREMENT = 135 CHARACTER SET = utf8 COLLATE = utf8_general_ci ROW_FORMAT = DYNAMIC;

-- ----------------------------
-- Records of tb_selection_dormitory
-- ----------------------------
INSERT INTO `tb_selection_dormitory` VALUES (33, 617, 4);
INSERT INTO `tb_selection_dormitory` VALUES (34, 618, 4);
INSERT INTO `tb_selection_dormitory` VALUES (35, 619, 4);
INSERT INTO `tb_selection_dormitory` VALUES (36, 620, 4);
INSERT INTO `tb_selection_dormitory` VALUES (37, 621, 4);
INSERT INTO `tb_selection_dormitory` VALUES (38, 622, 5);
INSERT INTO `tb_selection_dormitory` VALUES (39, 623, 5);
INSERT INTO `tb_selection_dormitory` VALUES (40, 624, 5);
INSERT INTO `tb_selection_dormitory` VALUES (41, 625, 5);
INSERT INTO `tb_selection_dormitory` VALUES (42, 626, 5);
INSERT INTO `tb_selection_dormitory` VALUES (43, 627, 30);
INSERT INTO `tb_selection_dormitory` VALUES (44, 628, 30);
INSERT INTO `tb_selection_dormitory` VALUES (45, 629, 30);
INSERT INTO `tb_selection_dormitory` VALUES (46, 630, 30);
INSERT INTO `tb_selection_dormitory` VALUES (47, 631, 30);
INSERT INTO `tb_selection_dormitory` VALUES (55, 407, 3);
INSERT INTO `tb_selection_dormitory` VALUES (56, 408, 3);
INSERT INTO `tb_selection_dormitory` VALUES (57, 612, 3);
INSERT INTO `tb_selection_dormitory` VALUES (58, 613, 3);
INSERT INTO `tb_selection_dormitory` VALUES (59, 614, 3);
INSERT INTO `tb_selection_dormitory` VALUES (60, 615, 3);
INSERT INTO `tb_selection_dormitory` VALUES (102, 637, 7);
INSERT INTO `tb_selection_dormitory` VALUES (103, 638, 7);
INSERT INTO `tb_selection_dormitory` VALUES (104, 639, 7);
INSERT INTO `tb_selection_dormitory` VALUES (105, 439, 7);
INSERT INTO `tb_selection_dormitory` VALUES (106, 440, 7);
INSERT INTO `tb_selection_dormitory` VALUES (107, 665, 8);
INSERT INTO `tb_selection_dormitory` VALUES (108, 666, 8);
INSERT INTO `tb_selection_dormitory` VALUES (109, 667, 8);
INSERT INTO `tb_selection_dormitory` VALUES (110, 554, 8);
INSERT INTO `tb_selection_dormitory` VALUES (111, 555, 8);
INSERT INTO `tb_selection_dormitory` VALUES (112, 107, 19);
INSERT INTO `tb_selection_dormitory` VALUES (113, 108, 19);
INSERT INTO `tb_selection_dormitory` VALUES (114, 109, 19);
INSERT INTO `tb_selection_dormitory` VALUES (115, 414, 19);
INSERT INTO `tb_selection_dormitory` VALUES (116, 415, 19);
INSERT INTO `tb_selection_dormitory` VALUES (117, 221, 20);
INSERT INTO `tb_selection_dormitory` VALUES (118, 222, 20);
INSERT INTO `tb_selection_dormitory` VALUES (119, 223, 20);
INSERT INTO `tb_selection_dormitory` VALUES (120, 521, 20);
INSERT INTO `tb_selection_dormitory` VALUES (121, 522, 20);
INSERT INTO `tb_selection_dormitory` VALUES (122, 311, 21);
INSERT INTO `tb_selection_dormitory` VALUES (123, 312, 21);
INSERT INTO `tb_selection_dormitory` VALUES (124, 313, 21);
INSERT INTO `tb_selection_dormitory` VALUES (125, 535, 21);
INSERT INTO `tb_selection_dormitory` VALUES (126, 536, 21);
INSERT INTO `tb_selection_dormitory` VALUES (127, 711, 15);
INSERT INTO `tb_selection_dormitory` VALUES (128, 703, 23);
INSERT INTO `tb_selection_dormitory` VALUES (129, 704, 23);
INSERT INTO `tb_selection_dormitory` VALUES (133, 738, 11);
INSERT INTO `tb_selection_dormitory` VALUES (134, 739, 11);
INSERT INTO `tb_selection_dormitory` VALUES (135, 740, 11);

-- ----------------------------
-- Table structure for tb_selection_joiner
-- ----------------------------
DROP TABLE IF EXISTS `tb_selection_joiner`;
CREATE TABLE `tb_selection_joiner`  (
  `id` int NOT NULL AUTO_INCREMENT,
  `selection_id` int NULL DEFAULT NULL,
  `clazz_id` int NULL DEFAULT NULL,
  PRIMARY KEY (`id`) USING BTREE
) ENGINE = InnoDB AUTO_INCREMENT = 91 CHARACTER SET = utf8 COLLATE = utf8_general_ci ROW_FORMAT = DYNAMIC;

-- ----------------------------
-- Records of tb_selection_joiner
-- ----------------------------
INSERT INTO `tb_selection_joiner` VALUES (73, 24, 3);
INSERT INTO `tb_selection_joiner` VALUES (74, 24, 4);
INSERT INTO `tb_selection_joiner` VALUES (75, 24, 5);
INSERT INTO `tb_selection_joiner` VALUES (76, 24, 30);
INSERT INTO `tb_selection_joiner` VALUES (77, 25, 19);
INSERT INTO `tb_selection_joiner` VALUES (78, 25, 20);
INSERT INTO `tb_selection_joiner` VALUES (79, 25, 21);
INSERT INTO `tb_selection_joiner` VALUES (82, 26, 7);
INSERT INTO `tb_selection_joiner` VALUES (83, 26, 8);
INSERT INTO `tb_selection_joiner` VALUES (84, 27, 23);
INSERT INTO `tb_selection_joiner` VALUES (85, 27, 24);
INSERT INTO `tb_selection_joiner` VALUES (86, 28, 27);
INSERT INTO `tb_selection_joiner` VALUES (89, 31, 11);
INSERT INTO `tb_selection_joiner` VALUES (90, 32, 11);
INSERT INTO `tb_selection_joiner` VALUES (91, 33, 11);

-- ----------------------------
-- Table structure for tb_storey
-- ----------------------------
DROP TABLE IF EXISTS `tb_storey`;
CREATE TABLE `tb_storey`  (
  `id` int NOT NULL AUTO_INCREMENT,
  `name` varchar(100) CHARACTER SET utf8 COLLATE utf8_general_ci NULL DEFAULT NULL,
  `building_id` int NULL DEFAULT NULL,
  PRIMARY KEY (`id`) USING BTREE
) ENGINE = InnoDB AUTO_INCREMENT = 93 CHARACTER SET = utf8 COLLATE = utf8_general_ci ROW_FORMAT = DYNAMIC;

-- ----------------------------
-- Records of tb_storey
-- ----------------------------
INSERT INTO `tb_storey` VALUES (1, '1层', 4);
INSERT INTO `tb_storey` VALUES (2, '2层', 4);
INSERT INTO `tb_storey` VALUES (3, '3层', 4);
INSERT INTO `tb_storey` VALUES (4, '4层', 4);
INSERT INTO `tb_storey` VALUES (5, '5层', 4);
INSERT INTO `tb_storey` VALUES (6, '6层', 4);
INSERT INTO `tb_storey` VALUES (7, '7层', 4);
INSERT INTO `tb_storey` VALUES (8, '8层', 4);
INSERT INTO `tb_storey` VALUES (9, '9层', 4);
INSERT INTO `tb_storey` VALUES (10, '10层', 4);
INSERT INTO `tb_storey` VALUES (31, '1层', 15);
INSERT INTO `tb_storey` VALUES (32, '2层', 15);
INSERT INTO `tb_storey` VALUES (42, '1层', 10);
INSERT INTO `tb_storey` VALUES (43, '2层', 10);
INSERT INTO `tb_storey` VALUES (44, '3层', 10);
INSERT INTO `tb_storey` VALUES (45, '4层', 10);
INSERT INTO `tb_storey` VALUES (46, '5层', 10);
INSERT INTO `tb_storey` VALUES (47, '6层', 10);
INSERT INTO `tb_storey` VALUES (48, '7层', 10);
INSERT INTO `tb_storey` VALUES (52, '1层', 11);
INSERT INTO `tb_storey` VALUES (53, '2层', 11);
INSERT INTO `tb_storey` VALUES (54, '3层', 11);
INSERT INTO `tb_storey` VALUES (55, '4层', 11);
INSERT INTO `tb_storey` VALUES (56, '5层', 11);
INSERT INTO `tb_storey` VALUES (62, '1层', 12);
INSERT INTO `tb_storey` VALUES (63, '2层', 12);
INSERT INTO `tb_storey` VALUES (64, '3层', 12);
INSERT INTO `tb_storey` VALUES (65, '4层', 12);
INSERT INTO `tb_storey` VALUES (66, '5层', 12);
INSERT INTO `tb_storey` VALUES (67, '6层', 12);
INSERT INTO `tb_storey` VALUES (72, '1层', 13);
INSERT INTO `tb_storey` VALUES (73, '2层', 13);
INSERT INTO `tb_storey` VALUES (74, '3层', 13);
INSERT INTO `tb_storey` VALUES (75, '4层', 13);
INSERT INTO `tb_storey` VALUES (76, '5层', 13);
INSERT INTO `tb_storey` VALUES (77, '6层', 13);
INSERT INTO `tb_storey` VALUES (78, '7层', 13);
INSERT INTO `tb_storey` VALUES (79, '8层', 13);
INSERT INTO `tb_storey` VALUES (80, '9层', 13);
INSERT INTO `tb_storey` VALUES (81, '10层', 13);
INSERT INTO `tb_storey` VALUES (82, '1层', 16);
INSERT INTO `tb_storey` VALUES (83, '2层', 16);
INSERT INTO `tb_storey` VALUES (84, '3层', 16);
INSERT INTO `tb_storey` VALUES (85, '4层', 16);
INSERT INTO `tb_storey` VALUES (86, '5层', 16);
INSERT INTO `tb_storey` VALUES (87, '6层', 16);
INSERT INTO `tb_storey` VALUES (88, '1层', 17);
INSERT INTO `tb_storey` VALUES (89, '2层', 17);
INSERT INTO `tb_storey` VALUES (90, '1层', 18);
INSERT INTO `tb_storey` VALUES (91, '2层', 18);
INSERT INTO `tb_storey` VALUES (92, '1层', 19);
INSERT INTO `tb_storey` VALUES (93, '2层', 19);

-- ----------------------------
-- Table structure for tb_student
-- ----------------------------
DROP TABLE IF EXISTS `tb_student`;
CREATE TABLE `tb_student`  (
  `id` int NOT NULL AUTO_INCREMENT,
  `stu_no` varchar(50) CHARACTER SET utf8 COLLATE utf8_general_ci NULL DEFAULT NULL COMMENT '学号',
  `name` varchar(50) CHARACTER SET utf8 COLLATE utf8_general_ci NULL DEFAULT NULL,
  `idcard` varchar(50) CHARACTER SET utf8 COLLATE utf8_general_ci NULL DEFAULT NULL,
  `grade_id` int NULL DEFAULT NULL COMMENT '年级id',
  `sex` int NULL DEFAULT NULL,
  `phone` varchar(50) CHARACTER SET utf8 COLLATE utf8_general_ci NULL DEFAULT NULL,
  `password` varchar(50) CHARACTER SET utf8 COLLATE utf8_general_ci NULL DEFAULT NULL,
  `clazz_id` int NULL DEFAULT NULL COMMENT '班级id',
  `major_id` int NULL DEFAULT NULL COMMENT '专业id',
  `college_id` int NULL DEFAULT NULL COMMENT '学院id',
  `file` varchar(100) CHARACTER SET utf8 COLLATE utf8_general_ci NULL DEFAULT NULL,
  PRIMARY KEY (`id`) USING BTREE
) ENGINE = InnoDB AUTO_INCREMENT = 69 CHARACTER SET = utf8 COLLATE = utf8_general_ci ROW_FORMAT = DYNAMIC;

-- ----------------------------
-- Records of tb_student
-- ----------------------------
INSERT INTO `tb_student` VALUES (1, 'admin', '刘仕恒', '123456', 1, 1, '15831896915', 'e10adc3949ba59abbe56e057f20f883e', 3, 2, 1, '43e09c60a108431a9df901b237106ad9_OIP-C.jpg');
INSERT INTO `tb_student` VALUES (9, '1008519070310', '刘仕恒', '130527200112171019', 1, 1, '15831896915', 'e10adc3949ba59abbe56e057f20f883e', 5, 2, 1, 'eeb6afeddc0b4f7a84751863984e6c49_OIP-C.jpg');
INSERT INTO `tb_student` VALUES (10, '1008519070311', '孟昊辰', '130527200112171020', 1, 1, '15831896916', 'e10adc3949ba59abbe56e057f20f883e', 5, 2, 1, NULL);
INSERT INTO `tb_student` VALUES (11, '1008519070312', '宋祥宇', '130527200112171020', 1, 1, '15831896917', 'e10adc3949ba59abbe56e057f20f883e', 5, 2, 1, NULL);
INSERT INTO `tb_student` VALUES (12, '1008519070313', '何毅', '130527200112171020', 1, 1, '15831896918', 'e10adc3949ba59abbe56e057f20f883e', 5, 2, 1, NULL);
INSERT INTO `tb_student` VALUES (13, '1008519070314', '时毅彬', '130527200112171020', 1, 1, '15831896919', 'e10adc3949ba59abbe56e057f20f883e', 5, 2, 1, NULL);
INSERT INTO `tb_student` VALUES (14, '1008519070315', '郑天程', '130527200112171020', 1, 1, '15831896920', 'e10adc3949ba59abbe56e057f20f883e', 5, 2, 1, NULL);
INSERT INTO `tb_student` VALUES (15, '1008519070316', '郭宏强', '130527200112171020', 1, 1, '15831896921', 'e10adc3949ba59abbe56e057f20f883e', 5, 2, 1, NULL);
INSERT INTO `tb_student` VALUES (16, '1008519070317', '翟庆勇', '130527200112171020', 1, 1, '15831896922', 'e10adc3949ba59abbe56e057f20f883e', 5, 2, 1, NULL);
INSERT INTO `tb_student` VALUES (17, '1008519070318', '黄永亮', '130527200112171020', 1, 1, '15831896923', 'e10adc3949ba59abbe56e057f20f883e', 5, 2, 1, NULL);
INSERT INTO `tb_student` VALUES (18, '1008519070319', '刘俊峰', '130527200112171020', 1, 1, '15831896924', 'e10adc3949ba59abbe56e057f20f883e', 5, 2, 1, NULL);
INSERT INTO `tb_student` VALUES (19, '1008519070320', '刘胜利', '130527200112171020', 1, 1, '15831896925', 'e10adc3949ba59abbe56e057f20f883e', 5, 2, 1, NULL);
INSERT INTO `tb_student` VALUES (20, '1008519070110', '马伟中', '130527200112171020', 1, 0, '15831896926', 'e10adc3949ba59abbe56e057f20f883e', 3, 2, 1, NULL);
INSERT INTO `tb_student` VALUES (21, '1008519070111', '常自允', '130527200112171020', 1, 0, '15831896927', 'e10adc3949ba59abbe56e057f20f883e', 3, 2, 1, '199295134a024f21a447d16738f3c6c7_1.jpg');
INSERT INTO `tb_student` VALUES (22, '1008519070112', '码云', '130527200112171020', 1, 0, '15831896928', 'e10adc3949ba59abbe56e057f20f883e', 3, 2, 1, NULL);
INSERT INTO `tb_student` VALUES (23, '1008519070113', '王传虎', '130527200112171020', 1, 0, '15831896929', 'e10adc3949ba59abbe56e057f20f883e', 3, 2, 1, NULL);
INSERT INTO `tb_student` VALUES (24, '1008519070114', '陈星浪', '130527200112171020', 1, 1, '15831896930', 'e10adc3949ba59abbe56e057f20f883e', 3, 2, 1, NULL);
INSERT INTO `tb_student` VALUES (25, '1008519070115', '周刚', '130527200112171020', 1, 0, '15831896931', 'e10adc3949ba59abbe56e057f20f883e', 3, 2, 1, NULL);
INSERT INTO `tb_student` VALUES (26, '1008519070201', '刘海涛', '130527200112171020', 1, 1, '15831896932', 'e10adc3949ba59abbe56e057f20f883e', 4, 2, 1, NULL);
INSERT INTO `tb_student` VALUES (27, '1008519070202', '马国安', '130527200112171020', 1, 1, '15831896933', 'e10adc3949ba59abbe56e057f20f883e', 4, 2, 1, NULL);
INSERT INTO `tb_student` VALUES (28, '1008519070203', '许风山', '130527200112171020', 1, 1, '15831896934', 'e10adc3949ba59abbe56e057f20f883e', 4, 2, 1, NULL);
INSERT INTO `tb_student` VALUES (29, '1008519070204', '王会民', '130527200112171020', 1, 1, '15831896935', 'e10adc3949ba59abbe56e057f20f883e', 4, 2, 1, NULL);
INSERT INTO `tb_student` VALUES (30, '1008519070401', '冯锦峰', '130527200112171020', 1, 1, '15831896935', 'e10adc3949ba59abbe56e057f20f883e', 30, 2, 1, NULL);
INSERT INTO `tb_student` VALUES (31, '1008520070310', '张博', '130527200112171020', 2, 0, '15831896936', 'e10adc3949ba59abbe56e057f20f883e', 19, 18, 17, NULL);
INSERT INTO `tb_student` VALUES (32, '1008520070311', '刘光泽', '130527200112171020', 2, 1, '15831896937', 'e10adc3949ba59abbe56e057f20f883e', 19, 18, 17, NULL);
INSERT INTO `tb_student` VALUES (33, '1008520070312', '冯凯祥', '130527200112171020', 2, 0, '15831896938', 'e10adc3949ba59abbe56e057f20f883e', 19, 18, 17, NULL);
INSERT INTO `tb_student` VALUES (34, '1008520070313', '孙勇', '130527200112171020', 2, 0, '15831896939', 'e10adc3949ba59abbe56e057f20f883e', 20, 18, 17, NULL);
INSERT INTO `tb_student` VALUES (35, '1008520070314', '程省力', '130527200112171020', 2, 0, '15831896940', 'e10adc3949ba59abbe56e057f20f883e', 20, 18, 17, NULL);
INSERT INTO `tb_student` VALUES (36, '1008520070315', '杨嵩嵩', '130527200112171020', 2, 0, '15831896941', 'e10adc3949ba59abbe56e057f20f883e', 20, 18, 17, NULL);
INSERT INTO `tb_student` VALUES (37, '1008520070210', '张振彪', '130527200112171020', 2, 0, '15831896942', 'e10adc3949ba59abbe56e057f20f883e', 20, 18, 17, NULL);
INSERT INTO `tb_student` VALUES (38, '1008520070211', '高超', '130527200112171020', 2, 0, '15831896943', 'e10adc3949ba59abbe56e057f20f883e', 20, 18, 17, NULL);
INSERT INTO `tb_student` VALUES (39, '1008520070212', '赵玉龙', '130527200112171020', 2, 1, '15831896944', 'e10adc3949ba59abbe56e057f20f883e', 20, 18, 17, NULL);
INSERT INTO `tb_student` VALUES (40, '1008520070110', '王红达', '130527200112171020', 2, 0, '15831896945', 'e10adc3949ba59abbe56e057f20f883e', 20, 18, 17, NULL);
INSERT INTO `tb_student` VALUES (41, '1008520070111', '程建华', '130527200112171020', 2, 0, '15831896946', 'e10adc3949ba59abbe56e057f20f883e', 21, 18, 17, NULL);
INSERT INTO `tb_student` VALUES (42, '1008520070113', '郭松峰', '130527200112171020', 2, 0, '15831896947', 'e10adc3949ba59abbe56e057f20f883e', 21, 18, 17, NULL);
INSERT INTO `tb_student` VALUES (43, '1008520070114', '赵会广', '130527200112171020', 2, 1, '15831896948', 'e10adc3949ba59abbe56e057f20f883e', 21, 18, 17, NULL);
INSERT INTO `tb_student` VALUES (44, '1008520070411', '李宣平', '130527200112171020', 2, 0, '15831896949', 'e10adc3949ba59abbe56e057f20f883e', 21, 18, 17, NULL);
INSERT INTO `tb_student` VALUES (45, '1008520070415', '吕中新', '130527200112171020', 2, 1, '15831896950', 'e10adc3949ba59abbe56e057f20f883e', 21, 18, 17, NULL);
INSERT INTO `tb_student` VALUES (46, '1008520070417', '李奎', '130527200112171020', 1, 0, '15831896951', 'e10adc3949ba59abbe56e057f20f883e', 7, 2, 1, NULL);
INSERT INTO `tb_student` VALUES (47, '1008520070413', '魏龙升', '130527200112171020', 1, 0, '15831896952', 'e10adc3949ba59abbe56e057f20f883e', 7, 2, 1, NULL);
INSERT INTO `tb_student` VALUES (48, '1008519080310', '侯百灵', '130527200112171020', 1, 0, '15831896953', 'e10adc3949ba59abbe56e057f20f883e', 7, 2, 1, NULL);
INSERT INTO `tb_student` VALUES (49, '1008519080311', '孙庆伟', '130527200112171020', 1, 0, '15831896954', 'e10adc3949ba59abbe56e057f20f883e', 7, 2, 1, NULL);
INSERT INTO `tb_student` VALUES (50, '1008519080312', '石珂辉', '130527200112171020', 1, 1, '15831896955', 'e10adc3949ba59abbe56e057f20f883e', 7, 2, 1, NULL);
INSERT INTO `tb_student` VALUES (51, '1008519080313', '王三岳', '130527200112171020', 1, 0, '15831896956', 'e10adc3949ba59abbe56e057f20f883e', 7, 2, 1, NULL);
INSERT INTO `tb_student` VALUES (52, '1008519080314', '王宏伟', '130527200112171020', 1, 1, '15831896957', 'e10adc3949ba59abbe56e057f20f883e', 7, 2, 1, NULL);
INSERT INTO `tb_student` VALUES (62, '777', '777', NULL, NULL, NULL, 'IjPsWEBe/rU1h4IopPK9Cw==', '15831896957', NULL, NULL, NULL, NULL);
INSERT INTO `tb_student` VALUES (66, '1008519080315', '孙庆伟', '130527200112171020', 1, 1, '15831896957', 'e10adc3949ba59abbe56e057f20f883e', 11, 10, 9, NULL);
INSERT INTO `tb_student` VALUES (69, '10000', '小刘', '111', 1, 1, '111', '123456', 3, 2, 1, NULL);

-- ----------------------------
-- Table structure for tb_user
-- ----------------------------
DROP TABLE IF EXISTS `tb_user`;
CREATE TABLE `tb_user`  (
  `id` int NOT NULL AUTO_INCREMENT,
  `user_name` varchar(100) CHARACTER SET utf8 COLLATE utf8_general_ci NULL DEFAULT NULL,
  `password` varchar(100) CHARACTER SET utf8 COLLATE utf8_general_ci NULL DEFAULT NULL,
  `name` varchar(100) CHARACTER SET utf8 COLLATE utf8_general_ci NULL DEFAULT NULL,
  `phone` varchar(100) CHARACTER SET utf8 COLLATE utf8_general_ci NULL DEFAULT NULL,
  `type` int NULL DEFAULT NULL COMMENT '0管理员/1宿管员',
  `sex` varchar(20) CHARACTER SET utf8 COLLATE utf8_general_ci NULL DEFAULT NULL,
  `status` int NULL DEFAULT NULL COMMENT '1-正常，0-禁用',
  `file` varchar(100) CHARACTER SET utf8 COLLATE utf8_general_ci NULL DEFAULT NULL,
  PRIMARY KEY (`id`) USING BTREE
) ENGINE = InnoDB AUTO_INCREMENT = 140 CHARACTER SET = utf8 COLLATE = utf8_general_ci ROW_FORMAT = DYNAMIC;

-- ----------------------------
-- Records of tb_user
-- ----------------------------
INSERT INTO `tb_user` VALUES (1, 'admin', 'e10adc3949ba59abbe56e057f20f883e', '管理员', '15831896915', 0, '男', 1, '4294bb6694a14d99b3a0b2ee89b12e57_1.jpg');
INSERT INTO `tb_user` VALUES (123, '赵丽颖', 'e10adc3949ba59abbe56e057f20f883e', '赵丽颖', '15831896915', 1, '女', 1, NULL);
INSERT INTO `tb_user` VALUES (128, '周杰伦', 'e10adc3949ba59abbe56e057f20f883e', '周杰伦', '15831896915', 1, '男', 1, NULL);
INSERT INTO `tb_user` VALUES (129, '林俊杰', 'e10adc3949ba59abbe56e057f20f883e', '林俊杰', '15831896915', 1, '男', 1, NULL);
INSERT INTO `tb_user` VALUES (130, '杨颖', 'e10adc3949ba59abbe56e057f20f883e', '杨颖', '15831896915', 1, '女', 1, NULL);

-- ----------------------------
-- Table structure for tb_user_menu
-- ----------------------------
DROP TABLE IF EXISTS `tb_user_menu`;
CREATE TABLE `tb_user_menu`  (
  `user_id` int NOT NULL,
  `menu_id` int NOT NULL,
  PRIMARY KEY (`user_id`, `menu_id`) USING BTREE
) ENGINE = InnoDB CHARACTER SET = utf8 COLLATE = utf8_general_ci ROW_FORMAT = DYNAMIC;

-- ----------------------------
-- Records of tb_user_menu
-- ----------------------------
INSERT INTO `tb_user_menu` VALUES (1, 1);
INSERT INTO `tb_user_menu` VALUES (1, 2);
INSERT INTO `tb_user_menu` VALUES (1, 3);
INSERT INTO `tb_user_menu` VALUES (1, 4);
INSERT INTO `tb_user_menu` VALUES (1, 5);
INSERT INTO `tb_user_menu` VALUES (1, 6);
INSERT INTO `tb_user_menu` VALUES (1, 7);
INSERT INTO `tb_user_menu` VALUES (1, 8);
INSERT INTO `tb_user_menu` VALUES (1, 9);
INSERT INTO `tb_user_menu` VALUES (1, 10);
INSERT INTO `tb_user_menu` VALUES (1, 11);
INSERT INTO `tb_user_menu` VALUES (1, 12);
INSERT INTO `tb_user_menu` VALUES (1, 13);
INSERT INTO `tb_user_menu` VALUES (1, 14);
INSERT INTO `tb_user_menu` VALUES (1, 15);
INSERT INTO `tb_user_menu` VALUES (1, 16);
INSERT INTO `tb_user_menu` VALUES (1, 17);
INSERT INTO `tb_user_menu` VALUES (1, 18);
INSERT INTO `tb_user_menu` VALUES (1, 28);
INSERT INTO `tb_user_menu` VALUES (1, 29);
INSERT INTO `tb_user_menu` VALUES (1, 30);
INSERT INTO `tb_user_menu` VALUES (123, 6);
INSERT INTO `tb_user_menu` VALUES (123, 7);
INSERT INTO `tb_user_menu` VALUES (123, 10);
INSERT INTO `tb_user_menu` VALUES (123, 12);
INSERT INTO `tb_user_menu` VALUES (123, 13);
INSERT INTO `tb_user_menu` VALUES (123, 14);
INSERT INTO `tb_user_menu` VALUES (123, 15);
INSERT INTO `tb_user_menu` VALUES (123, 16);
INSERT INTO `tb_user_menu` VALUES (123, 17);
INSERT INTO `tb_user_menu` VALUES (123, 18);
INSERT INTO `tb_user_menu` VALUES (128, 6);
INSERT INTO `tb_user_menu` VALUES (128, 7);
INSERT INTO `tb_user_menu` VALUES (128, 10);
INSERT INTO `tb_user_menu` VALUES (128, 12);
INSERT INTO `tb_user_menu` VALUES (128, 13);
INSERT INTO `tb_user_menu` VALUES (128, 16);
INSERT INTO `tb_user_menu` VALUES (128, 17);
INSERT INTO `tb_user_menu` VALUES (128, 18);
INSERT INTO `tb_user_menu` VALUES (128, 28);
INSERT INTO `tb_user_menu` VALUES (129, 6);
INSERT INTO `tb_user_menu` VALUES (129, 7);
INSERT INTO `tb_user_menu` VALUES (129, 10);
INSERT INTO `tb_user_menu` VALUES (129, 12);
INSERT INTO `tb_user_menu` VALUES (129, 13);
INSERT INTO `tb_user_menu` VALUES (129, 14);
INSERT INTO `tb_user_menu` VALUES (129, 15);
INSERT INTO `tb_user_menu` VALUES (129, 16);
INSERT INTO `tb_user_menu` VALUES (129, 17);
INSERT INTO `tb_user_menu` VALUES (129, 18);
INSERT INTO `tb_user_menu` VALUES (129, 28);
INSERT INTO `tb_user_menu` VALUES (130, 6);
INSERT INTO `tb_user_menu` VALUES (130, 7);
INSERT INTO `tb_user_menu` VALUES (130, 10);
INSERT INTO `tb_user_menu` VALUES (130, 12);
INSERT INTO `tb_user_menu` VALUES (130, 13);
INSERT INTO `tb_user_menu` VALUES (130, 14);
INSERT INTO `tb_user_menu` VALUES (130, 15);
INSERT INTO `tb_user_menu` VALUES (130, 16);
INSERT INTO `tb_user_menu` VALUES (130, 17);
INSERT INTO `tb_user_menu` VALUES (130, 18);
INSERT INTO `tb_user_menu` VALUES (130, 28);
INSERT INTO `tb_user_menu` VALUES (132, 6);
INSERT INTO `tb_user_menu` VALUES (132, 7);
INSERT INTO `tb_user_menu` VALUES (132, 10);
INSERT INTO `tb_user_menu` VALUES (132, 12);
INSERT INTO `tb_user_menu` VALUES (132, 13);
INSERT INTO `tb_user_menu` VALUES (132, 14);
INSERT INTO `tb_user_menu` VALUES (132, 15);
INSERT INTO `tb_user_menu` VALUES (132, 16);
INSERT INTO `tb_user_menu` VALUES (132, 17);
INSERT INTO `tb_user_menu` VALUES (132, 18);
INSERT INTO `tb_user_menu` VALUES (133, 6);
INSERT INTO `tb_user_menu` VALUES (133, 7);
INSERT INTO `tb_user_menu` VALUES (133, 10);
INSERT INTO `tb_user_menu` VALUES (133, 12);
INSERT INTO `tb_user_menu` VALUES (133, 13);
INSERT INTO `tb_user_menu` VALUES (133, 14);
INSERT INTO `tb_user_menu` VALUES (133, 15);
INSERT INTO `tb_user_menu` VALUES (133, 16);
INSERT INTO `tb_user_menu` VALUES (133, 17);
INSERT INTO `tb_user_menu` VALUES (133, 18);
INSERT INTO `tb_user_menu` VALUES (134, 6);
INSERT INTO `tb_user_menu` VALUES (134, 7);
INSERT INTO `tb_user_menu` VALUES (134, 10);
INSERT INTO `tb_user_menu` VALUES (134, 12);
INSERT INTO `tb_user_menu` VALUES (134, 13);
INSERT INTO `tb_user_menu` VALUES (134, 14);
INSERT INTO `tb_user_menu` VALUES (134, 15);
INSERT INTO `tb_user_menu` VALUES (134, 18);
INSERT INTO `tb_user_menu` VALUES (135, 1);
INSERT INTO `tb_user_menu` VALUES (135, 2);
INSERT INTO `tb_user_menu` VALUES (135, 3);
INSERT INTO `tb_user_menu` VALUES (135, 4);
INSERT INTO `tb_user_menu` VALUES (135, 5);
INSERT INTO `tb_user_menu` VALUES (138, 1);
INSERT INTO `tb_user_menu` VALUES (138, 2);
INSERT INTO `tb_user_menu` VALUES (138, 3);
INSERT INTO `tb_user_menu` VALUES (138, 4);
INSERT INTO `tb_user_menu` VALUES (138, 5);
INSERT INTO `tb_user_menu` VALUES (138, 7);
INSERT INTO `tb_user_menu` VALUES (138, 8);
INSERT INTO `tb_user_menu` VALUES (138, 9);
INSERT INTO `tb_user_menu` VALUES (138, 10);
INSERT INTO `tb_user_menu` VALUES (138, 11);
INSERT INTO `tb_user_menu` VALUES (138, 28);
INSERT INTO `tb_user_menu` VALUES (140, 6);
INSERT INTO `tb_user_menu` VALUES (140, 7);
INSERT INTO `tb_user_menu` VALUES (140, 10);
INSERT INTO `tb_user_menu` VALUES (140, 12);
INSERT INTO `tb_user_menu` VALUES (140, 13);
INSERT INTO `tb_user_menu` VALUES (140, 14);
INSERT INTO `tb_user_menu` VALUES (140, 15);
INSERT INTO `tb_user_menu` VALUES (140, 18);

-- ----------------------------
-- Table structure for tb_visit
-- ----------------------------
DROP TABLE IF EXISTS `tb_visit`;
CREATE TABLE `tb_visit`  (
  `id` int NOT NULL AUTO_INCREMENT,
  `visitor` varchar(100) CHARACTER SET utf8 COLLATE utf8_general_ci NULL DEFAULT NULL,
  `phone` varchar(100) CHARACTER SET utf8 COLLATE utf8_general_ci NULL DEFAULT NULL,
  `sex` int NULL DEFAULT NULL,
  `idcard` varchar(100) CHARACTER SET utf8 COLLATE utf8_general_ci NULL DEFAULT NULL,
  `student_id` int NULL DEFAULT NULL,
  `visit_time` datetime NULL DEFAULT NULL,
  `leave_time` datetime NULL DEFAULT NULL,
  `remark` varchar(200) CHARACTER SET utf8 COLLATE utf8_general_ci NULL DEFAULT NULL,
  PRIMARY KEY (`id`) USING BTREE
) ENGINE = InnoDB AUTO_INCREMENT = 10 CHARACTER SET = utf8 COLLATE = utf8_general_ci ROW_FORMAT = DYNAMIC;

-- ----------------------------
-- Records of tb_visit
-- ----------------------------

SET FOREIGN_KEY_CHECKS = 1;
